Region,District,Address,Start Date,Start Time,End Date,End Time,Type of Work,RES,Other
Ленинградская область,р-н Тихвинский,"д. Сашково, Тумово, Сукса, Вахрушево, Серёдка",11-04-2024 11:00,11:00,11-04-2024 16:00,16:00,Тихвинские ЭС,Тихвинский РЭС,"Кратковременно, на время оперативных переключений.",
Санкт-Петербург,Невский район,"ул Ярослава Гашека, дом 10, корп 2, литера А  ул Ярослава Гашека, дом 10/85, литера А",11-04-2024 11:00,11:00,11-04-2024 17:00,17:00,Кабельная сеть,Невский РЭС,,c2afe783-a2dc-4a7c-b3c9-6d8c1ce000c91d80a57c-9dbc-46f2-acd7-82a13f257f55
Санкт-Петербург,Красногвардейский район,"пр-кт Малоохтинский, дом 51, стр А  пр-кт Малоохтинский, дом 52, стр А",11-04-2024 10:30,10:30,11-04-2024 17:30,17:30,Кабельная сеть,Правобережный РЭС,,2c0ef231-b463-40b6-8697-e2c19762a1ff1084bbd6-a9cf-4107-b2b3-314e4c106e8d
Ленинградская область,р-н Всеволожский,д Аро,11-04-2024 10:22,10:22,11-04-2024 16:22,16:22,Северные электрические сети,Всеволожский РЭС,,dc681d58-d6c2-446c-9002-b7f74b102163
Ленинградская область,р-н Всеволожский,,11-04-2024 10:11,10:11,11-04-2024 18:11,18:11,Северные электрические сети,Всеволожский РЭС,,
Ленинградская область,р-н Выборгский,"п Борки, ул Озерная",11-04-2024 10:00,10:00,11-04-2024 16:00,16:00,Выборгские ЭС,Рощинский РЭС,,00c21455-4ee2-4b46-94a6-c4007a38a951
Ленинградская область,р-н Тихвинский,д Захожа,11-04-2024 10:00,10:00,11-04-2024 16:00,16:00,Тихвинские ЭС,Тихвинский РЭС,,9dabbdac-c9f2-4c29-9ca5-14a863c7848a
Санкт-Петербург,Санкт-Петербург                        Приморский район,"ул. Савушкина д. 112 к. 2, ул. Савушкина д. 112 к. 2 лит. А, ул. Савушкина 112а.",11-04-2024 10:00,10:00,11-04-2024 18:00,18:00,Кабельная сеть,Западный РЭС,,130cea95-451e-41b5-87d1-472c34f7dc39
Санкт-Петербург,Невский район,"ул Белышева, дом 5/6, стр А",11-04-2024 10:00,10:00,11-04-2024 17:00,17:00,Кабельная сеть,Правобережный РЭС,по одному вводу,b809fe93-71e2-4166-aa0f-08fdbc885f59
Санкт-Петербург,Санкт-Петербург                        Приморский район,"ул. Камышовая д. 34 к. 2, ул. Камышовая д. 36 стр. 1, ул. Камышовая д. 38 к. 2",11-04-2024 10:00,10:00,11-04-2024 20:00,20:00,Кабельная сеть,Западный РЭС,,ec1fb65a-cb26-46b9-baef-4be3fdf43664
Санкт-Петербург,Красногвардейский район,"Энергетиков пр., д.54/2 52, 54/1",11-04-2024 10:00,10:00,11-04-2024 18:00,18:00,Кабельная сеть,Восточный РЭС,,
Санкт-Петербург,Санкт-Петербург,ул Старообрядческая,11-04-2024 10:00,10:00,11-04-2024 16:00,16:00,Кабельная сеть,Южный РЭС,,f93cbd5e-fc08-4e37-9043-a5a9ace5b38b
Ленинградская область,р-н Всеволожский,п Романовка,11-04-2024 10:00,10:00,11-04-2024 17:00,17:00,Северные электрические сети,Всеволожский РЭС,,b2fa82b5-f00b-4565-8e86-e319e1e6e6ca
Ленинградская область,р-н Кингисеппский,д Марфицы  д Лоузно,11-04-2024 10:00,10:00,11-04-2024 17:00,17:00,Кингисеппские ЭС,Кингисеппский РЭС,,795b9c7d-ee40-4ddc-a9ef-7d18668aa9771b507537-1293-4506-b4a4-5b6f1c5c0b3d
Ленинградская область,р-н Гатчинский,д Введенское,11-04-2024 10:00,10:00,11-04-2024 18:00,18:00,Гатчинские ЭС,Тосненский РЭС,Реконструкция ВЛ,7906d1fb-5089-4acb-86fe-2b25c4163c3b
Санкт-Петербург,Санкт-Петербург                        п.Комарово,"Васильева ул, д.12  все лит.  Выборгская ул, д.10    Выборгская ул, д.11    Выборгская ул, д.12 все лит.   Выборгская ул, д.13    Выборгская ул, д.13  а  Выборгская ул, д.14  все лит.  Выборгская ул, д.16  все лит.  Выборгская ул, д.17  все лит.  Выборгская ул, д.19  все лит.  Выборгская ул, д.2 все лит.  Выборгская ул, д.21  все лит.  Выборгская ул, д.22  все лит.  Выборгская ул, д.6  все лит.  Выборгская ул, д.9  все лит.  Выборгская ул, д.11 все лит.  Выборгская ул, д.8 все лит.  Громыхалова ул, д.11  все лит.  Громыхалова ул, д.15 все лит.  Громыхалова ул, д.16  все лит.  Пограничная ул, д.10 А   Пограничная ул, д.12   Пограничная ул, д.14 А   Пограничная ул, д.15 все лит.  Пограничная ул, д.6 все лит.  Пограничная ул, д.7 все лит.  Танкистов пер, д.11    Танкистов пер, д.11  б  Танкистов пер, д.11  в  Танкистов пер, д.3 все лит.  Танкистов пер, д.4  лит.А  Танкистов пер, д.5  лит.А  Танкистов пер, д.8  лит.А  Танкистов пер, д.6  лит.А  Танкистов ул, д.4 А   Танкистов ул, д.6 А   Танкистов ул, д.8 А   Цветочная ул, д.36  лит А  Цветочная ул, д.36  Цветочная ул, д.38  Цветочная ул, д.38 а  Ю.Германа, д.12  все лит.  Ю.Германа, д.15  все лит.  Ю.Германа, д.20  все лит.  Ю.Германа, д.21  все лит.  Ю.Германа, д.22  все лит.  Ю.Германа, д.14 все лит.",11-04-2024 09:00,09:00,11-04-2024 20:00,20:00,Северные электрические сети,Курортный РЭС,Текущий ремонт,74df0cd8-ec68-4819-91f6-9700d730333cbcf358d9-fffb-4412-b6a1-d952bce92c460bf79633-02bc-4329-ad2f-4c585498caeae3445c6c-f419-41a5-85c3-0b024350aa07beb6234b-3201-4454-a4bb-ccf7d29cf3acbeb6234b-3201-4454-a4bb-ccf7d29cf3ac7a73eceb-2941-4188-85a5-20c69f55425ff9213ce4-e9e8-4b42-9b94-07c304ec7b5890994ce6-b581-4588-ace6-0889a8d7b37020410d06-42c1-487a-86d1-e4ff870d2f39d7cd02b9-0f48-4e43-8cf7-a811d5190790d427cc21-740a-40fe-859c-3b9a60194304ed4a6d93-106a-4be7-b330-6b29f0a8630e090b6802-72f6-4ee7-99c8-f309236b2a3a146d2ecb-6fff-46da-9d42-330807d7f0f80bf79633-02bc-4329-ad2f-4c585498caeababbdcfd-61d2-48db-8929-20fbfbea4d630884f500-32c3-4c31-8bda-1d9f480b155f63a8946b-0749-4f66-98ee-908a506f9b4845d6ff73-b253-4235-965e-91108d4157eef7161f8b-43ed-4534-8afe-700ed4786d93e7b192ce-3a97-4d02-ba91-8e935f6999f2628fbf15-f99f-4e81-a332-eec09d305848bd704549-66bf-4d9b-9fa1-d47414ae503bb5471739-4bc4-4139-81c9-0e317d1297f77072d07e-265c-4927-9b76-fe5836e9167cc9eb4967-7aeb-42a0-8daf-2168a04b6e9ac9eb4967-7aeb-42a0-8daf-2168a04b6e9ac9eb4967-7aeb-42a0-8daf-2168a04b6e9ac9eb4967-7aeb-42a0-8daf-2168a04b6e9ac9eb4967-7aeb-42a0-8daf-2168a04b6e9ac9eb4967-7aeb-42a0-8daf-2168a04b6e9ac9eb4967-7aeb-42a0-8daf-2168a04b6e9ac9eb4967-7aeb-42a0-8daf-2168a04b6e9a173af737-5264-488b-86f0-0049b333fe00b7038f91-f05f-4172-bd0e-3482b7c53e590e16e10e-ff3a-460f-9bbc-5a269da8bf6280d6cb5d-97aa-424a-af54-e19a1e6e9b60af9706bc-00a0-4cf3-b202-daa30a4a364ecbeb34bd-0b53-4ecb-a945-2e837f91c3b6cbeb34bd-0b53-4ecb-a945-2e837f91c3b6f8547b38-c840-42f5-bce1-a91b1a677fdce5e163a1-eecc-45f8-8662-d7e68345fef97bfc4047-fe1f-442d-be2b-38af62ee1863958807a6-b718-483a-b055-54e60e23448839b164a4-aff1-4389-9b46-db637b1629530787029f-42aa-4fed-b353-aa001e8c21e6
Санкт-Петербург,Санкт-Петербург,"ул Пулковская, дом 17, стр А  ул Пулковская, дом 19, стр А",11-04-2024 09:00,09:00,11-04-2024 18:00,18:00,Кабельная сеть,Южный РЭС,,c1a64bf9-13a6-4d36-a407-ac29794ed89377adb094-1c2a-4e50-aa06-1d8a63ba7a8e
Санкт-Петербург,Санкт-Петербург,"ул Звёздная, дом 8, стр А",11-04-2024 09:00,09:00,11-04-2024 18:00,18:00,Кабельная сеть,Южный РЭС,,49cf367e-fc3c-4b3c-aa07-8e99b39a389d
Санкт-Петербург,Санкт-Петербург,"ул Ленсовета, дом 74, стр А  ул Ленсовета, дом 76, стр А  ул Ленсовета, дом 78, стр А",11-04-2024 09:00,09:00,11-04-2024 18:00,18:00,Кабельная сеть,Южный РЭС,,7a591f52-ebeb-40d5-a3a1-ab9673e8e0d80c33eade-da77-49a1-8320-5749bd473caab17c21f2-bf71-4587-a247-d48041741692
Ленинградская область,р-н Тихвинский,"д. Ратилово, Ульянино",11-04-2024 09:00,09:00,11-04-2024 17:00,17:00,Тихвинские ЭС,Тихвинский РЭС,,
Ленинградская область,р-н Лодейнопольский,д Рахковичи  тер. СНТ Рахковичи  п Янега  д Харевщина  д Тененичи,11-04-2024 06:00,06:00,11-04-2024 07:00,07:00,Новоладожские ЭС,Лодейнопольский РЭС,Перевод нагрузки,ef595ce6-f735-4437-9ee6-694a742217cfe4f5699d-3ae1-4251-b0b5-220406d6d22dbc52de6a-a47e-465c-9d02-ceb4c8f072d5be286c44-b276-410d-a180-70bc4a43b96cebc7c68c-86fc-4eee-9b4a-6606dd6a96fb
Санкт-Петербург,Санкт-Петербург                        Кировский район,"пр.Ветеранов,д.73",11-04-2024 01:30,01:30,11-04-2024 18:00,18:00,Кабельная сеть,Юго-Западный РЭС,,2598bd30-c756-454a-abef-24aa98e4dac7
Ленинградская область,р-н Тихвинский,"д. Сашково, Тумово, Сукса, Вахрушево, Серёдка",10-04-2024 11:00,11:00,10-04-2024 16:00,16:00,Тихвинские ЭС,Тихвинский РЭС,"Кратковременно, на время оперативных переключений.",
Санкт-Петербург,Санкт-Петербург,"ул 1-я Красноармейская, дом 1/21",10-04-2024 10:30,10:30,10-04-2024 23:00,23:00,Кабельная сеть,Центральный РЭС,,4f5a8236-7cee-4f38-9d94-221578511b34
Санкт-Петербург,Невский район,"ул Антонова-Овсеенко, дом 19, корп 1, стр Л  ул Антонова-Овсеенко, дом 19, корп 3, стр З  ул Антонова-Овсеенко, дом 19, корп 2, стр П  ул Антонова-Овсеенко, дом 21, стр Я",10-04-2024 10:30,10:30,10-04-2024 17:00,17:00,Кабельная сеть,Правобережный РЭС,,ede6ad2a-442b-4946-a5bc-6392f1330d492485dff2-d86a-4bfb-a0dc-4eac0fcc7dffc6db473d-1fee-4248-bdf0-a89e69fe8efb0809c931-6792-4f46-8177-315dd455bc40
Санкт-Петербург,Красногвардейский район,"пр-кт Заневский, дом 21, стр А  пр-кт Заневский, дом 23, стр А  пр-кт Новочеркасский, дом 30, стр А",10-04-2024 10:30,10:30,10-04-2024 17:30,17:30,Кабельная сеть,Правобережный РЭС,,8e0030c7-0ab9-40b1-8a4d-13b3ef71307cc864a750-9afb-48ac-928d-f2180622b5d189332a45-f134-4a75-b833-84f8ff02573a
Ленинградская область,р-н Всеволожский,д Новосергиевка,10-04-2024 10:21,10:21,10-04-2024 16:21,16:21,Северные электрические сети,Всеволожский РЭС,,bd52d0bd-e679-4adf-b8f5-3c9effdaf3ad
Санкт-Петербург,Санкт-Петербург                        Кировский район,"ул.Маршала Говорова,д.9,лит.А",10-04-2024 10:00,10:00,10-04-2024 20:00,20:00,Кабельная сеть,Юго-Западный РЭС,,65c2a413-d6e5-4e0b-a82f-b0464c4a415d
Санкт-Петербург,Санкт-Петербург                        Приморский район,"пр. Комендантский д. 30 к. 1, пр. Комендантский д. 30 к. 3, ул. Долгоозерная д. 11 к. 2 (Д/С № 969), ул. Долгоозерная д. 11, ул. Долгоозерная д. 11 к. 3, реклама",10-04-2024 10:00,10:00,10-04-2024 20:00,20:00,Кабельная сеть,Западный РЭС,,022bbf6a-b271-4b20-9020-51c79c9164d6
Санкт-Петербург,Невский район,"пр-кт Большевиков, дом 79, корп 1, стр Л  пр-кт Большевиков, дом 79, корп 2, стр К",10-04-2024 10:00,10:00,10-04-2024 18:00,18:00,Кабельная сеть,Правобережный РЭС,,fc92f3be-0811-4218-b24d-fd391b889544a5fab765-06ad-4a92-a304-fa86b2b9ecb0
Санкт-Петербург,Выборгский район (СПб),"Лесной пр., д.18  Выборгская ул., д.12  Нейшлотский пер., д.8",10-04-2024 10:00,10:00,10-04-2024 19:00,19:00,Кабельная сеть,Восточный РЭС,,
Санкт-Петербург,Красносельский район,"Энергетиков пр., д.54/1, 54/2, 52, 56/2  Стасовой ул., д.5, 9,",10-04-2024 10:00,10:00,10-04-2024 19:00,19:00,Кабельная сеть,Восточный РЭС,,
Ленинградская область,р-н Всеволожский,п Щеглово,10-04-2024 10:00,10:00,10-04-2024 17:00,17:00,Северные электрические сети,Всеволожский РЭС,,c90b9fd4-f0ad-4a04-8473-5e81fe1a0333
Ленинградская область,р-н Кингисеппский,д Унатицы,10-04-2024 10:00,10:00,10-04-2024 17:00,17:00,Кингисеппские ЭС,Кингисеппский РЭС,,02532ed4-988a-4703-aaaf-1789475bc131
Ленинградская область,р-н Тосненский,"д Трубников Бор, ш Московское",10-04-2024 10:00,10:00,10-04-2024 18:00,18:00,Гатчинские ЭС,Тосненский РЭС,"Реконструкция ВЛ-0,4",55fed04b-b118-4d7b-a3b5-438e0c76d8f4
Ленинградская область,р-н Гатчинский,д Введенское,10-04-2024 10:00,10:00,10-04-2024 18:00,18:00,Гатчинские ЭС,Тосненский РЭС,Реконструкция ВЛ,7906d1fb-5089-4acb-86fe-2b25c4163c3b
Ленинградская область,р-н Всеволожский,,10-04-2024 09:02,09:02,10-04-2024 22:02,22:02,Северные электрические сети,Всеволожский РЭС,,
Ленинградская область,р-н Волосовский,"д Шадырицы  д Сырковицы, ул Неревицы  д Малая Александровка",10-04-2024 09:00,09:00,10-04-2024 15:00,15:00,Кингисеппские ЭС,Кингисеппский РЭС,,47b3b06e-01ce-420f-9871-e2fb73959b8f8babeeb1-4994-4dd1-bc54-97b6198e4113f7d36850-1382-466c-a45f-b32c44985516
Ленинградская область,р-н Бокситогорский,д Пареево  д Мозолево-2  д Золотово,10-04-2024 09:00,09:00,10-04-2024 17:00,17:00,Тихвинские ЭС,Бокситогорский РЭС,,16542b56-2da0-4920-8d95-63d5c29f8ab0894d93bc-ce48-43c5-afd5-ff4bbb9c44d8f2512c62-e4b9-4f1e-b0f2-4012c6652dc7
Ленинградская область,р-н Бокситогорский,д Усадище,10-04-2024 09:00,09:00,10-04-2024 17:00,17:00,Тихвинские ЭС,Бокситогорский РЭС,,6ad56553-d11f-402c-b232-5f06dcf8cc95
Ленинградская область,р-н Лужский,д Щупоголово,10-04-2024 09:00,09:00,10-04-2024 17:00,17:00,Кингисеппские ЭС,Лужский РЭС,,b24d4629-1497-4dcf-a403-c2d86384f000
Ленинградская область,р-н Тихвинский,"д. Ратилово, Ульянино",10-04-2024 09:00,09:00,10-04-2024 17:00,17:00,Тихвинские ЭС,Тихвинский РЭС,,
Ленинградская область,р-н Тихвинский,д Ситомля  д Струнино  д Харчевня  д Ругуй,09-04-2024 16:00,16:00,09-04-2024 17:00,17:00,Тихвинские ЭС,Тихвинский РЭС,,bc3882e3-7d5c-4259-9cb9-93da9263efbb142814bb-188e-403f-a491-7c9adddc6d86ccf62bf4-39b3-4cc6-a86e-fa970431650bafaf6d79-909b-4d77-8f10-c65f2a84da5b
Санкт-Петербург,Санкт-Петербург                        Приморский район,ул. Савушкина д. 141,09-04-2024 11:00,11:00,09-04-2024 17:00,17:00,Кабельная сеть,Западный РЭС,,8d7c9dff-a7c4-4686-84b2-24f5d8a81621
Ленинградская область,р-н Тихвинский,"д. Сашково, Тумово, Сукса, Вахрушево, Серёдка",09-04-2024 11:00,11:00,09-04-2024 16:00,16:00,Тихвинские ЭС,Тихвинский РЭС,"Кратковременно, на время оперативных переключений.",
Санкт-Петербург,Санкт-Петербург                        Адмиралтейский район,"пр.Нарвский,д.18  пр.Нарвский,д.22",09-04-2024 10:30,10:30,09-04-2024 18:00,18:00,Кабельная сеть,Юго-Западный РЭС,,cfa302e8-2c60-4819-8847-4b560525df4148f592ac-bbc7-4715-9cd1-67c283b03e5b
Санкт-Петербург,Красногвардейский район,"пр-кт Наставников, дом 18, стр А  пр-кт Наставников, дом 20, корп 1, стр А  ул Ленская, дом 6, корп 3, стр А  пр-кт Косыгина, дом 25, корп 2, стр А  пр-кт Наставников, дом 20, корп 2, стр А",09-04-2024 10:30,10:30,09-04-2024 18:00,18:00,Кабельная сеть,Правобережный РЭС,по одному вводу,2a8bfa06-2dd4-4239-999c-9abeec2bb68ea4899f5e-32be-46d6-a2c9-e0386744473afba7b39d-df9e-49ec-a833-d92b8fdb9f8f5e12b407-c579-47d4-8823-bb2203f11bab8d41d4ba-542e-4873-b2e0-75f4137099b2
Ленинградская область,р-н Всеволожский,д Новосаратовка,09-04-2024 10:17,10:17,09-04-2024 16:17,16:17,Северные электрические сети,Всеволожский РЭС,,a5554286-fefd-4ae9-b846-8d21ed304c08
Санкт-Петербург,Красногвардейский район,"ш.Революции, д.19, 15, 17  Синявинская ул., д.20, 22, 26, 28/64, 24  Металлистов пр., д.66, 68, 62",09-04-2024 10:00,10:00,09-04-2024 17:00,17:00,Кабельная сеть,Восточный РЭС,,
Санкт-Петербург,Санкт-Петербург                        Приморский район,"пр. Комендантский д. 30 к. 1, пр. Комендантский д. 30 к. 3, ул. Долгоозерная д. 11 к. 2 (Д/С № 969), ул. Долгоозерная д. 11, ул. Долгоозерная д. 11 к. 3, ленсвет",09-04-2024 10:00,10:00,09-04-2024 20:00,20:00,Кабельная сеть,Западный РЭС,,022bbf6a-b271-4b20-9020-51c79c9164d6
Ленинградская область,р-н Тихвинский,д Заручевье  д Рапля,09-04-2024 10:00,10:00,27-03-2024 16:00,16:00,Тихвинские ЭС,Тихвинский РЭС,,bba83683-bec9-4773-9610-b86c7fbaed9b6eead17e-6e0f-494a-9588-686f8dd63324
Санкт-Петербург,Санкт-Петербург                        Приморский район,"пр. Королева д. 73, ул. Глухарская д. 33 к. 1 лит. А",09-04-2024 10:00,10:00,09-04-2024 17:00,17:00,Кабельная сеть,Западный РЭС,,b4875351-3a3f-4641-8ef1-793810919685
Санкт-Петербург,Невский район,"ул Белышева, дом 5/6, стр А",09-04-2024 10:00,10:00,09-04-2024 17:00,17:00,Кабельная сеть,Правобережный РЭС,по одному вводу,b809fe93-71e2-4166-aa0f-08fdbc885f59
Ленинградская область,р-н Тосненский,д Пельгора,09-04-2024 10:00,10:00,09-04-2024 18:00,18:00,Гатчинские ЭС,Тосненский РЭС,Капитальный ремонт ТП,22d24192-c46a-48e7-bfbb-556456bf2b4f
Ленинградская область,р-н Тихвинский,д Овинцево  д Печнева,09-04-2024 10:00,10:00,09-04-2024 17:00,17:00,Тихвинские ЭС,Тихвинский РЭС,,ec510dd2-3906-49ad-8b72-9b2ee58059ccba96259a-b16e-48ac-9675-e936f5f259fc
Ленинградская область,р-н Тихвинский,д Ситомля  д Струнино  д Харчевня  д Ругуй,09-04-2024 10:00,10:00,09-04-2024 11:30,11:30,Тихвинские ЭС,Тихвинский РЭС,,bc3882e3-7d5c-4259-9cb9-93da9263efbb142814bb-188e-403f-a491-7c9adddc6d86ccf62bf4-39b3-4cc6-a86e-fa970431650bafaf6d79-909b-4d77-8f10-c65f2a84da5b
Ленинградская область,р-н Ломоносовский,д Михайловка,09-04-2024 10:00,10:00,09-04-2024 18:00,18:00,Южные электрические сети,Красносельский РЭС,ВЛ-10кВ Ф.153-26 ОЛ-2263,f3821f94-1208-42b7-9431-ccbe88f503bb
Санкт-Петербург,Санкт-Петербург                        Кировский район,"пр.Народного Ополчения,д.35  пр.Народного Ополчения,д.39  пр.Народного Ополчения,д.41  пр.Народного Ополчения,д.43  пр.Народного Ополчения,д.45  пр.Народного Ополчения,д.47  пр.Народного Ополчения,д.49  пр.Народного Ополчения,д.51  пр.Народного Ополчения,д.53  пр.Народного Ополчения,д.55  пр.Народного Ополчения,д.57  пр.Народного Ополчения,д.59",09-04-2024 10:00,10:00,09-04-2024 18:00,18:00,Кабельная сеть,Юго-Западный РЭС,,e7deb6a4-0b8d-4f55-889b-c35bcd77f211bec74480-81a6-44e8-80dd-b1721270c60af74c5848-bd83-44ff-8c94-9fa112d3e2c532cbd5c4-6984-403c-9d68-12f43170e2f3e046d198-549e-4c36-9cd8-1599fa1c86b8db2df72c-3439-4673-b557-458968ba753508db9713-5f4a-4927-b2c9-e5bc75f4fdbd33d0a27b-9d26-4c34-93dd-803ef51ec3abe728ce88-a311-4a97-a058-cc11b274fd10b83c461a-e8c2-458f-a1a5-a67812dde98e3145760e-d2f3-4534-b794-23f27e9f7c2366d83968-b552-4aa2-b08b-78946ec0fcf5
Санкт-Петербург,Санкт-Петербург                        Приморский район,"ул. Камышовая д. 6 к. 1, ул. Камышовая д. 6 к. 2, ул. Камышовая д. 6 к. 4, ул. Стародеревенская д. 25, ул. Стародеревенская д. 25 лит. А",09-04-2024 10:00,10:00,09-04-2024 13:00,13:00,Кабельная сеть,Западный РЭС,,c8946f43-1c67-4fac-a4ac-bd59017c0261
Санкт-Петербург,Санкт-Петербург                        Приморский район,ул. Савушкина д. 10 к. 2,09-04-2024 10:00,10:00,09-04-2024 19:00,19:00,Кабельная сеть,Западный РЭС,,db9b9b28-8499-4728-88ef-f6658676778f
Санкт-Петербург,Санкт-Петербург,"пр-кт Литейный, дом 14  пр-кт Литейный, дом 16, стр А  ул Фурштатская, дом 5, стр А",09-04-2024 10:00,10:00,09-04-2024 18:00,18:00,Кабельная сеть,Центральный РЭС,,c8c87209-bfb2-4653-b286-bb6e6a96ec72b357594a-7b8a-4b25-bde2-4880e9ed57ec14c5647e-e6fe-41f5-8403-cd57f49999e9
Ленинградская область,р-н Всеволожский,п Ковалево,09-04-2024 10:00,10:00,09-04-2024 17:00,17:00,Северные электрические сети,Всеволожский РЭС,,e5c62df7-a3cb-457e-872c-995db0a25e44
Ленинградская область,р-н Кингисеппский,д Сашино  д Систа  д Унатицы,09-04-2024 10:00,10:00,09-04-2024 17:00,17:00,Кингисеппские ЭС,Кингисеппский РЭС,,ab252a14-8ab5-4c41-af7b-28f59848d3a02a267641-e87b-4b60-b63d-dc54bba65b3002532ed4-988a-4703-aaaf-1789475bc131
Ленинградская область,р-н Кингисеппский,"д Вистино, ул Лесная  д Вистино, ул Солнечная  д Вистино, ул Якорная",09-04-2024 10:00,10:00,09-04-2024 17:00,17:00,Кингисеппские ЭС,Кингисеппский РЭС,,4c765810-0112-4d5d-9e9f-60ae596ad455b6a80ea8-3abc-486c-89df-5bdbc9aceacbb5ce438c-cd52-46a5-925d-190652f69c3b
Ленинградская область,р-н Тосненский,"д Андрианово  д Турово, дом 135  д Авати, дом 1",09-04-2024 10:00,10:00,09-04-2024 18:00,18:00,Гатчинские ЭС,Тосненский РЭС,Капитальный ремонт ТП-4172,8b7e6d03-2772-494d-8048-5af51dd803f7cc9c8863-ca65-49ac-95d7-47baf336e8fe98d3c3f0-3319-4a95-82bc-7f0b408298e2
Ленинградская область,р-н Гатчинский,"д Красницы, ул Заречная  д Красницы, ул Лесная",09-04-2024 10:00,10:00,09-04-2024 17:10,17:10,,,Кап.ремонт .,8d040246-a2d8-421c-8483-14d32bccfb6f941713d5-36fb-4d87-8f77-1277befeec25
Ленинградская область,р-н Тосненский,"д Трубников Бор, ш Московское",09-04-2024 10:00,10:00,09-04-2024 18:00,18:00,Гатчинские ЭС,Тосненский РЭС,"Реконструкция ВЛ-0,4",55fed04b-b118-4d7b-a3b5-438e0c76d8f4
Ленинградская область,р-н Гатчинский,д Введенское,09-04-2024 10:00,10:00,09-04-2024 18:00,18:00,Гатчинские ЭС,Тосненский РЭС,Реконструкция ВЛ,7906d1fb-5089-4acb-86fe-2b25c4163c3b
Ленинградская область,"р-н Всеволожский, массив Пери","п Осельки  д Нижние Осельки  д Верхние Осельки  тер. СНТ Медик  тер. СНТ Пери-1, пр-кт Малый  тер. СНТ Садовое  тер. СНТ Тройка  тер. СНТ Электроника  тер. СНТ Метростроевец  Киссолово  снт Никольское  снт Скиф  снт Осельки",09-04-2024 09:00,09:00,09-04-2024 17:00,17:00,Северные электрические сети,Сертоловский РЭС,,9f77ad40-8b3e-46ad-9a5b-eec42c9df158ac2871fa-4cae-4610-a5dd-5bc4b7642307d3afa3a0-5c71-4ee6-afa9-b5e2902c26269b6312ce-7d8f-412e-8946-c1394842a7594877db41-f5ed-41bd-9a14-c25df83ea35ab3376776-6a62-4f94-a572-c9b9573ddf26443490e1-9c0c-4ca9-979f-822442da0d21340e82ac-b620-4586-9142-73162f142bd9711206f5-5964-4a1d-9fc7-20d024a373dcfa525e6d-7609-44e8-aa60-148c1ad240d7fa525e6d-7609-44e8-aa60-148c1ad240d7fa525e6d-7609-44e8-aa60-148c1ad240d7fa525e6d-7609-44e8-aa60-148c1ad240d7
Санкт-Петербург,Санкт-Петербург                        г Зеленогорск,"1-й Торфяной пер, д.3 А   1-й Торфяной пер, д.3  1-й Торфяной пер, д.20  Красный пер, д.4 А   Красный пер, д.4   Красный пер, д.2  Красный пер, д.5  Красный пер, д.6  Красных Командиров пр-кт, д.  д.13  Красных Командиров пр-кт, д.  уч.1   Красных Командиров пр-кт, д.  уч.2  Красных Командиров пр-кт, д.10    Красных Командиров пр-кт, д.10  а  Красных Командиров пр-кт, д.11    пр-кт Красных Командиров, дом 11, стр А  Красных Командиров пр-кт, д.12    Красных Командиров пр-кт, д.13    Красных Командиров пр-кт, д.13а  Красных Командиров пр-кт, д.13 б    Красных Командиров пр-кт, д.14    Красных Командиров пр-кт, д.14а    Красных Командиров пр-кт, д.15    Красных Командиров пр-кт, д.15а  Красных Командиров пр-кт, д.17  Красных Командиров пр-кт, д.17а    Красных Командиров пр-кт, д.18  Красных Командиров пр-кт, д.19    Красных Командиров пр-кт, д.18а    Красных Командиров пр-кт, д.19а    Красных Командиров пр-кт, д.19б   Красных Командиров пр-кт, д.21  Красных Командиров пр-кт, д.22  Красных Командиров пр-кт, д.23    Красных Командиров пр-кт, д.21 а  Красных Командиров пр-кт, д.23а    Красных Командиров пр-кт, д.22а  Красных Командиров пр-кт, д.27    Красных Командиров пр-кт, д.27а  Красных Командиров пр-кт, д.28  Красных Командиров пр-кт, д.28а  Красных Командиров пр-кт, д.30   Красных Командиров пр-кт, д.30 а  Красных Командиров пр-кт, д.31    Красных Командиров пр-кт, д.31 а   Красных Командиров пр-кт, д.33  Красных Командиров пр-кт, д.33а  Красных Командиров пр-кт, д.35 все лит.  Красных Командиров пр-кт, д37  Красных Командиров пр-кт, д.37а   Красных Командиров пр-кт, д.42    Красных Командиров пр-кт, д.6    Красных Командиров пр-кт, д.8    Красных Командиров пр-кт, д.8  а  Красных Командиров пр-кт, д9    Красных Командиров пр-кт, д.9а  Мира ул, д.6  Лит.З  Мира ул, д.6 А   Связная ул, д.1    Связная ул, д.1  а  Связная ул, д.3  Северная ул, д.1    Северная ул, д.10    Северная ул, д.1  а  Северная ул, д.10 а    Северная ул, д.11 а    Северная ул, д.11 б    Северная ул, д.12  Северная ул, д.3  Северная ул, д.4  Северная ул, д.6 а    Северная ул, д.8",09-04-2024 09:00,09:00,09-04-2024 20:00,20:00,Северные электрические сети,Курортный РЭС,Текущий ремонт,2fe679a3-39c4-40fe-9498-7eed325762f92fe679a3-39c4-40fe-9498-7eed325762f99116a8db-0b65-4112-ac8e-98856e9e1df76d815202-0eac-4689-be2b-213689063e516d815202-0eac-4689-be2b-213689063e51747711b6-d622-43d8-b3f2-d6c4ff443350900a7572-81b1-41d2-b368-e05396dbd8dd1144206a-52b3-473e-af40-1253bed8e3be78b33333-ad83-4dc6-b093-8a12859f6f2a2a8d3af0-5c3b-4ca3-8c33-6f92dadd436dc70d6659-437a-494f-95a7-ba8650da60d1a8d9ccb0-0502-4c52-b46a-b19a4c6880f0d0b2c308-3fee-4008-85aa-728ea30bed7fbe6dbee1-6a5c-4fbe-a7d1-b2ef395032cfbe6dbee1-6a5c-4fbe-a7d1-b2ef395032cf16637e7e-72c7-49d4-9e34-6054273bc0d478b33333-ad83-4dc6-b093-8a12859f6f2a78b33333-ad83-4dc6-b093-8a12859f6f2a78b33333-ad83-4dc6-b093-8a12859f6f2a3cda2b24-8dc9-40ec-980f-6837218d43f53cda2b24-8dc9-40ec-980f-6837218d43f5380d0fc8-b63a-425c-96b6-adb8a0174066380d0fc8-b63a-425c-96b6-adb8a0174066cf958f26-0521-4bf1-bd54-94d4b8a410a1b08703a6-3e0f-4156-903c-ddb80234773fb51cda5b-6b8f-498f-bd42-40a4e528fcea9c0c4739-50e0-4355-ada6-f0df6cd536d3b51cda5b-6b8f-498f-bd42-40a4e528fcea9c0c4739-50e0-4355-ada6-f0df6cd536d39c0c4739-50e0-4355-ada6-f0df6cd536d3d3c4dc82-2736-4e96-a128-e37c5654f27a8e53ae12-fe14-4894-aa11-358c8640d3ef07fdea8b-e937-4af5-89a4-064ea85b5422d3c4dc82-2736-4e96-a128-e37c5654f27a07fdea8b-e937-4af5-89a4-064ea85b54228e53ae12-fe14-4894-aa11-358c8640d3efbde30fca-4377-4f18-9d39-9ee7233f7c8bbde30fca-4377-4f18-9d39-9ee7233f7c8be89c9dd0-7d4f-4864-8549-adae449f0e57e89c9dd0-7d4f-4864-8549-adae449f0e571e2d133f-a2a1-4546-86aa-bd446ce043ec1e2d133f-a2a1-4546-86aa-bd446ce043ec9f4f11b7-e1e0-46a1-996b-75c5e7952c819f4f11b7-e1e0-46a1-996b-75c5e7952c81c94446a8-6ce1-460c-ae86-7cb04c47f714c94446a8-6ce1-460c-ae86-7cb04c47f7146f7bd851-b559-4477-9969-2d7feac1cd5092421f54-b57e-4fc1-ac26-81ffabbdb44092421f54-b57e-4fc1-ac26-81ffabbdb44021048d71-74c5-4f20-bf4f-3d153dbbc8ec69a23bba-43cd-452e-9c9c-ec50abc82c282cc96589-ad32-418f-8700-51a35dda66402cc96589-ad32-418f-8700-51a35dda66407eff4e10-2e0b-4c76-b5ac-8017bfe13b727eff4e10-2e0b-4c76-b5ac-8017bfe13b72e9cbe426-a99a-4ae8-b562-e78273c02930dd6f0dff-d13b-4369-9258-6303751183e33408fbc6-06c0-49d8-94fe-7ac0e911cb893408fbc6-06c0-49d8-94fe-7ac0e911cb89cde77048-848f-4e6a-813c-a4ad35cf10a80346e270-c649-42e3-87a7-b5b46a2998410ee794cd-7270-4a80-a85f-f4f63f2b26750346e270-c649-42e3-87a7-b5b46a29984166fdb3da-5a9d-4ec8-8a59-ac3bc8c8ab61b5b2e9fc-edd6-4764-8611-2f76f44d0dd7b5b2e9fc-edd6-4764-8611-2f76f44d0dd7626e0995-c9a8-4d8e-bd77-4276d537085c9848deba-9987-4757-b6bb-80d32b920b73853b2a79-a77d-4c27-9554-d2b76ca8c5fd6c5a7b88-b92d-4951-8c8c-f0feab561e9f7574cc3a-c6e3-482d-ab13-baa4f318a956
Ленинградская область,р-н Бокситогорский,д Бороватое,09-04-2024 09:00,09:00,09-04-2024 17:00,17:00,Тихвинские ЭС,Бокситогорский РЭС,,b78052ba-d850-41a8-9b60-420cc16cc1ea
Ленинградская область,р-н Всеволожский,"д Хиттолово, тер Коттеджный поселок Кавголовские Холмы",09-04-2024 09:00,09:00,10-04-2024 17:00,17:00,Северные электрические сети,Сертоловский РЭС,,4079a797-8767-4a39-a589-0e321b8e0a3c
Ленинградская область,р-н Лужский,д Чайково  д Голубково  д Госткино  д Красный Октябрь  м Череменец,09-04-2024 09:00,09:00,09-04-2024 17:00,17:00,Кингисеппские ЭС,Лужский РЭС,,5780f280-23b1-4d18-807f-38397225fa468f643935-7f1c-45f3-b527-9e04381a2f4f72e96eef-8244-4fed-a02a-ac7258c91ecd2a5adf94-47c2-4400-bec2-d31ff4eb84e7f5788aa1-ff9e-4217-a953-585c51fb5143
Ленинградская область,р-н Волховский,п. Алексино ул. Гагарино,09-04-2024 09:00,09:00,09-04-2024 18:00,18:00,Новоладожские ЭС,Волховский РЭС,,e9a0bb76-26b6-46ea-b109-febc9addda7d
Ленинградская область,р-н Волховский,п. Алексино ул. Молодёжная,09-04-2024 09:00,09:00,09-04-2024 18:00,18:00,Новоладожские ЭС,Волховский РЭС,,e9a0bb76-26b6-46ea-b109-febc9addda7d
Ленинградская область,р-н Тосненский,"п Шапки, ул Железнодорожная  п Шапки, пер Железнодорожный  п Шапки, проезд Железнодорожный",09-04-2024 09:00,09:00,09-04-2024 17:30,17:30,Гатчинские ЭС,Тосненский РЭС,Реконструкция оборудования ТП-4023,0a2e2524-ca25-4096-948e-0e354a48954feecf87b4-5e50-492c-8fd5-4d3c08fd54687028df60-de36-4975-a91e-11f4ab4301ae
Ленинградская область,р-н Бокситогорский,д Усадище,09-04-2024 09:00,09:00,09-04-2024 17:00,17:00,Тихвинские ЭС,Бокситогорский РЭС,,6ad56553-d11f-402c-b232-5f06dcf8cc95
Ленинградская область,р-н Лужский,"п Мшинская, ул Лесная  п Мшинская, ул Пролетарская  п Мшинская, ул Малая Железнодорожная  п Мшинская, ул Ленинградское шоссе",09-04-2024 09:00,09:00,09-04-2024 17:00,17:00,Кингисеппские ЭС,Лужский РЭС,,f8ec41b3-d31a-4804-9bae-76a5b0d2d297e680a8b4-60bc-414c-bbd2-e1893c6edff55d0923d5-829c-44a0-8640-d871568842ef66fbb5b7-bfbf-4799-9ace-dbc9b7f2bc59
Санкт-Петербург,Санкт-Петербург,"пр-кт Космонавтов, дом 54, стр А  пр-кт Витебский, дом 61, корп 5, стр А",09-04-2024 09:00,09:00,09-04-2024 09:00,09:00,Кабельная сеть,Южный РЭС,,1746c699-0c5c-4265-9634-6417c9503df659cc6628-7f72-42cf-858b-3be0e5f632f5
Ленинградская область,р-н Всеволожский,,09-04-2024 09:00,09:00,09-04-2024 17:53,17:53,Северные электрические сети,Всеволожский РЭС,,
Ленинградская область,р-н Тихвинский,"д. Ратилово, Ульянино",09-04-2024 09:00,09:00,09-04-2024 17:00,17:00,Тихвинские ЭС,Тихвинский РЭС,,
Санкт-Петербург,Выборгский район (СПб),"п Парголово, тер Михайловка, ул Хабаровская  п Парголово, тер Михайловка, ул Ленина  п Парголово, тер Михайловка, ул Кемеровская  п Парголово, тер Михайловка, ул Зональная  п Парголово, тер Михайловка, ул Байкальская  п Александровская",09-04-2024 08:27,08:27,09-04-2024 20:27,20:27,Северные электрические сети,Песочинский РЭС,,2385e616-b465-42c6-8b93-766919c4e10571933e7c-69a3-47d6-b94b-c6b83c5a0bdef00d0e62-74b7-49d7-a92e-80c4b50a38b048de0ec4-b857-4e54-b5e0-713b4928c5aa19e1f483-ac8b-47b7-a0d1-7fa06833cf46fd4781dc-f33b-4ccc-bd10-7f20b3385a7f
Санкт-Петербург,Санкт-Петербург                        г Пушкин,"ул Промышленная, уч-к (владение) 14  ул Промышленная, дом 12, стр 1",08-04-2024 22:00,22:00,09-04-2024 08:00,08:00,Южные электрические сети,Пушкинский РЭС,в период с 22:00 08.04.2024 до 08:00 09.04.2024 один раз на 30 минут,74f0d016-bae0-480c-bb6d-365f08798d40f55fa4a5-eb3f-41a6-9a1f-ac0e2f861c89
Санкт-Петербург,Санкт-Петербург                        г Пушкин,"ул Промышленная, уч-к (владение) 14  ул Промышленная, дом 12, стр 1",08-04-2024 22:00,22:00,09-04-2024 08:00,08:00,Южные электрические сети,Пушкинский РЭС,в период с 22:00 09.04.2024 до 08:00 10.04.2024 один раз на 30 минут,74f0d016-bae0-480c-bb6d-365f08798d40f55fa4a5-eb3f-41a6-9a1f-ac0e2f861c89
Ленинградская область,р-н Всеволожский,п. ж/д ст. Ириновка,08-04-2024 11:00,11:00,08-04-2024 17:00,17:00,Северные электрические сети,Всеволожский РЭС,,79eadcd8-bdef-4024-a9c2-9e08418a8810
Санкт-Петербург,Невский район,"ул Купчинская, дом 8, корп 1, литера А  ул Купчинская, дом 10, корп 2, литера А  ул Купчинская, дом 10, корп 3, литера А",08-04-2024 11:00,11:00,08-04-2024 17:00,17:00,Кабельная сеть,Невский РЭС,кратковременно (до 60 мин.),0d2727fc-afb0-4543-a3f0-dea061edda8e8f7779ac-e676-40da-8c3e-128a81e5f55c15ed8ef7-7173-4a9a-9e8d-0436962df266
Ленинградская область,р-н Тихвинский,"д. Сашково, Тумово, Сукса, Вахрушево, Серёдка",08-04-2024 11:00,11:00,08-04-2024 16:00,16:00,Тихвинские ЭС,Тихвинский РЭС,"Кратковременно, на время оперативных переключений.",
Санкт-Петербург,Красногвардейский район,"пр-кт Наставников, дом 18, стр А  пр-кт Наставников, дом 20, корп 1, стр А  ул Ленская, дом 6, корп 3, стр А  пр-кт Косыгина, дом 25, корп 2, стр А",08-04-2024 10:30,10:30,08-04-2024 18:00,18:00,Кабельная сеть,Правобережный РЭС,по одному вводу,2a8bfa06-2dd4-4239-999c-9abeec2bb68ea4899f5e-32be-46d6-a2c9-e0386744473afba7b39d-df9e-49ec-a833-d92b8fdb9f8f5e12b407-c579-47d4-8823-bb2203f11bab
Санкт-Петербург,Невский район,"ул Дыбенко, дом 24, корп 1, стр Ю  ул Дыбенко, дом 24, корп 2, стр Т  ул Дыбенко, дом 22, корп 3, стр Д  ул Дыбенко, дом 22, корп 4, стр Л  ул Дыбенко, дом 22, корп 5, стр К  ул Дыбенко, дом 24, корп 2, стр Е  ул Дыбенко, дом 24, корп 5, стр А  ул Дыбенко, дом 22, корп 4, стр Л  ул Антонова-Овсеенко, дом 19, корп 4, стр И",08-04-2024 10:30,10:30,08-04-2024 17:00,17:00,Кабельная сеть,Правобережный РЭС,,7c7a58b6-b8fc-45ec-8d22-960f89d9ae7fea7db34e-4abb-48e4-bbea-7473a5d231ec02f09421-f8f3-4b3e-b05a-794257b38a4d198c69d3-a461-42b8-85a7-0efe46dc8cc87fffadf3-d6af-4955-85a0-968557053a7eea7db34e-4abb-48e4-bbea-7473a5d231ec833ab04a-b024-4cac-8fcd-37ebacb6105b198c69d3-a461-42b8-85a7-0efe46dc8cc8e054108f-7135-499f-bd19-eef424619b75
Санкт-Петербург,Санкт-Петербург                        Приморский район,ул. Савушкина д. 141,08-04-2024 10:00,10:00,08-04-2024 18:00,18:00,Кабельная сеть,Западный РЭС,,8d7c9dff-a7c4-4686-84b2-24f5d8a81621
Санкт-Петербург,Красногвардейский район,"Новомалиновская дорога, д.6А  Бокситогорская ул., д.7, 15",08-04-2024 10:00,10:00,08-04-2024 17:00,17:00,Кабельная сеть,Восточный РЭС,,
Санкт-Петербург,Санкт-Петербург                        Приморский район,"ш. Фермское д. 32 (ГРЩ 1, 2, 3), ш. Фермское д. 30, вышка связи, ш. Фермское д. 30 к. 1",08-04-2024 10:00,10:00,08-04-2024 20:00,20:00,Кабельная сеть,Западный РЭС,,59fe9f42-6649-4cf5-a4df-cfb646b2ac62
Ленинградская область,р-н Тосненский,д Пельгора,08-04-2024 10:00,10:00,08-04-2024 18:00,18:00,Гатчинские ЭС,Тосненский РЭС,Капитальный ремонт ТП,22d24192-c46a-48e7-bfbb-556456bf2b4f
Ленинградская область,р-н Гатчинский,"д Красницы, ул Заречная  д Красницы, ул Лесная",08-04-2024 10:00,10:00,08-04-2024 18:00,18:00,Гатчинские ЭС,Тосненский РЭС,Капитальный ремонт,8d040246-a2d8-421c-8483-14d32bccfb6f941713d5-36fb-4d87-8f77-1277befeec25
Ленинградская область,р-н Гатчинский,"д Красницы, ул Заречная  д Красницы, ул Лесная",08-04-2024 10:00,10:00,08-04-2024 17:10,17:10,,,Кап.ремонт .,8d040246-a2d8-421c-8483-14d32bccfb6f941713d5-36fb-4d87-8f77-1277befeec25
Ленинградская область,р-н Всеволожский,п. ж/д ст. Кирпичный завод,08-04-2024 10:00,10:00,08-04-2024 17:00,17:00,Северные электрические сети,Всеволожский РЭС,,108b7606-37bf-427d-bfc0-163d4e46c412
Ленинградская область,"р-н Кингисеппский, г Кингисепп",Заречье  тер Возрождение   тер Учитель СНТ Победа массив  тер Победа-2 СНТ Победа массив,08-04-2024 10:00,10:00,08-04-2024 17:00,17:00,Кингисеппские ЭС,Кингисеппский РЭС,,252bc211-aa27-49f3-b7c8-c8eb528d8bf87d04cd99-3438-4975-8999-1504a60b363203be950f-3dbd-4e9d-859d-c59f5017287688946be3-b237-41ab-bfa8-151460cdf4a6
Санкт-Петербург,Санкт-Петербург,"ул Некрасова, дом 3-5, стр А",08-04-2024 10:00,10:00,10-04-2024 20:00,20:00,Кабельная сеть,Центральный РЭС,,bff64e34-f721-4169-b108-3024819c0e14
Ленинградская область,р-н Тосненский,"д Андрианово  д Турово, дом 135  д Авати, дом 1",08-04-2024 10:00,10:00,08-04-2024 18:00,18:00,Гатчинские ЭС,Тосненский РЭС,Капитальный ремонт ТП-4172,8b7e6d03-2772-494d-8048-5af51dd803f7cc9c8863-ca65-49ac-95d7-47baf336e8fe98d3c3f0-3319-4a95-82bc-7f0b408298e2
Ленинградская область,р-н Бокситогорский,д Усадище,08-04-2024 09:00,09:00,08-04-2024 17:00,17:00,Тихвинские ЭС,Бокситогорский РЭС,,6ad56553-d11f-402c-b232-5f06dcf8cc95
Санкт-Петербург,Санкт-Петербург                        п. Смолячково,"Приморское ш, д.704    Приморское ш, д.704  а",08-04-2024 09:00,09:00,08-04-2024 20:00,20:00,Северные электрические сети,Курортный РЭС,Текущий ремонт,ad5d4914-0c0c-476f-af39-47dd505cf640b9ebdb30-9721-4d73-b72f-a7abbdb6a70f
Ленинградская область,р-н Бокситогорский,д Бороватое,08-04-2024 09:00,09:00,08-04-2024 17:00,17:00,Тихвинские ЭС,Бокситогорский РЭС,,b78052ba-d850-41a8-9b60-420cc16cc1ea
Ленинградская область,р-н Лужский,м ГЭС-1  д Задубье,08-04-2024 09:00,09:00,08-04-2024 17:00,17:00,Кингисеппские ЭС,Лужский РЭС,,369dd66b-6953-4e18-8ccd-0678071155521b6526e4-5848-41aa-aff8-4be9be4215fd
Ленинградская область,р-н Волосовский,д Лелино  д Новые Красницы  д Старые Красницы  д Сырковицы,08-04-2024 09:00,09:00,08-04-2024 16:00,16:00,Кингисеппские ЭС,Кингисеппский РЭС,,378f1018-982d-4650-a222-865fe5cbd491550cb4aa-2038-44cf-b951-4d375c64a0846d454b9f-aac1-4471-ac58-5cbc4119eb48e3d5778e-8ae2-4f9a-8264-d260f3c16ec6
Ленинградская область,р-н Лужский,д Усадище,08-04-2024 09:00,09:00,09-04-2024 17:00,17:00,Кингисеппские ЭС,Лужский РЭС,,36afb816-47a2-4930-8eb9-9f99fe6f8bcd
Санкт-Петербург,Санкт-Петербург,"пр-кт Космонавтов, дом 54, стр А  ул Орджоникидзе, дом 50, стр А",08-04-2024 09:00,09:00,08-04-2024 18:00,18:00,Кабельная сеть,Южный РЭС,,1746c699-0c5c-4265-9634-6417c9503df615cc6583-f099-4c54-a7bb-ecec0f8dacbb
Ленинградская область,р-н Тихвинский,"д. Ратилово, Ульянино",08-04-2024 09:00,09:00,08-04-2024 17:00,17:00,Тихвинские ЭС,Тихвинский РЭС,,
Ленинградская область,р-н Ломоносовский,д Горбунки,05-04-2024 20:00,20:00,06-04-2024 08:00,08:00,Южные электрические сети,Красносельский РЭС,"ф.395-01 ТП-2017,ТП-2042, ТП-2032, ТП-465: 2 раза по 30 минут",d2122ebe-c718-4215-bc2f-088e24d2c498
Санкт-Петербург,Санкт-Петербург,"ул Черняховского, дом 69, стр А  ул Черняховского, дом 73, стр А  ул Черняховского, дом 73, корп 2, стр Б",05-04-2024 13:00,13:00,05-04-2024 15:00,15:00,Кабельная сеть,Центральный РЭС,Аварийные работы. В период времени работ отключение электроэнергии на 20 минут,199f79ae-5fe8-46d9-a137-709857348f6cd63660eb-797d-4509-a9f7-25cfc48c7c3c05742a97-cc2e-4431-99c9-696be595ad7e
Санкт-Петербург,Санкт-Петербург                        Приморский район,ул. Савушкина д. 112,05-04-2024 12:00,12:00,05-04-2024 16:00,16:00,Кабельная сеть,Западный РЭС,,ad016605-0897-479e-a653-f823ca42fce6
Ленинградская область,р-н Ломоносовский,д Рассколово,05-04-2024 11:00,11:00,05-04-2024 16:00,16:00,Южные электрические сети,Красносельский РЭС,ТП-382,2a2df547-e9cb-4612-a636-9ee7b84dac50
Санкт-Петербург,Санкт-Петербург                        г Колпино,п. Петро-Славянка. ул. Смоленская  п. Петро-Славянка. ул. Тверская   п. Петро-Славянка. ул. Витебская  п. Петро-Славянка. ул. Московская  п. Петро-Славянка. ул. Труда  п. Петро-Славянка. ул. Первого Мая  п. Петро-Славянка. ул. Коммунаров,05-04-2024 11:00,11:00,05-04-2024 14:00,14:00,Южные электрические сети,Колпинский РЭС,,3a915825-f709-4686-aa45-4b1dbc1900cde4318102-03ab-4984-86d4-6ba054c206fc428ba604-1111-4de2-85b3-83d284a2640f2104d8ba-ca5a-4850-8791-53578ed92a3bca6b834d-1a8a-4fd3-a38c-fd3e207f4b7f121aa6bc-56f7-4870-bf60-c13b99651141a896a453-2957-4a09-9bdb-37a4db3826c7
Санкт-Петербург,Санкт-Петербург                        Красносельский район,"пр.Ветеранов,д.124",05-04-2024 10:30,10:30,05-04-2024 17:00,17:00,Кабельная сеть,Юго-Западный РЭС,,f9614aa2-b281-4529-8d64-2b498b2ce19c
Ленинградская область,р-н Ломоносовский,д Горбунки,05-04-2024 10:00,10:00,05-04-2024 18:00,18:00,Южные электрические сети,Красносельский РЭС,ф.395-01 ТП-560: 2 раза по 15 минут,d2122ebe-c718-4215-bc2f-088e24d2c498
Ленинградская область,р-н Ломоносовский,д Волковицы,05-04-2024 10:00,10:00,05-04-2024 17:00,17:00,Южные электрические сети,Красносельский РЭС,ТП-6118,d3e9cabb-2ffa-428c-9172-1ab98a51495f
Ленинградская область,р-н Приозерский,п Хвойное,05-04-2024 10:00,10:00,05-04-2024 17:00,17:00,Выборгские ЭС,Приозерский РЭС,Техническое обслуживание ТП,b2e23603-93c6-4ed5-ac0d-0a928fd38490
Ленинградская область,р-н Ломоносовский,д Пески,05-04-2024 10:00,10:00,05-04-2024 20:00,20:00,Южные электрические сети,Красносельский РЭС,ВЛ-10кВ Ф.191-05 Л ППр626-ППр532: на время производства работ,a928489e-6b6e-4cee-a1b1-8166238c6cd2
Ленинградская область,р-н Ломоносовский,д Лесопитомник  д Рюмки,05-04-2024 10:00,10:00,05-04-2024 20:00,20:00,Южные электрические сети,Красносельский РЭС,ВЛ-10кВ Ф.191-05 Л ППр626-ППр532: 2 раза по 30 минут,
Санкт-Петербург,Санкт-Петербург,"пл Биржевая, дом 4, стр А",05-04-2024 10:00,10:00,05-04-2024 18:00,18:00,Кабельная сеть,Островной РЭС,Перевод нагрузки на Т-2,e5364d49-8df8-4e18-81c4-21082bf8c634
Санкт-Петербург,Санкт-Петербург,"ул Льва Толстого, дом 6-8, стр А  ул Льва Толстого, дом 6-8, стр Б  ул Льва Толстого, дом 6-8, стр З  ул Льва Толстого, дом 6-8, стр Ж",05-04-2024 10:00,10:00,05-04-2024 18:00,18:00,Кабельная сеть,Островной РЭС,,4a778769-7e1a-4ce8-a3e0-e957cf57dba89d1b01ff-c8ad-4320-b7d8-79a38c4c7361801888b2-acca-4f82-b6fb-513aaf0b8719c3741c6f-3a9a-4e0a-ae0e-9d7503685452
Ленинградская область,р-н Ломоносовский,д Лаголово,05-04-2024 10:00,10:00,05-04-2024 18:00,18:00,Южные электрические сети,Красносельский РЭС,ТП-475 2 раза на 30 минут для оперативных переключений.,bca11ea6-0773-42a6-9a49-ec8bc4cf63d5
Ленинградская область,р-н Ломоносовский,д Аропаккузи,05-04-2024 10:00,10:00,05-04-2024 18:00,18:00,Южные электрические сети,Красносельский РЭС,,0c87fa9a-6b31-4924-8c1c-0e6dbc9802a1
Ленинградская область,р-н Гатчинский,д Старицы  д Малая Ивановка  д Большая Ивановка,05-04-2024 10:00,10:00,05-04-2024 18:00,18:00,Южные электрические сети,Красносельский РЭС,,4d0a2e50-a097-4f15-91e1-28766cb79cbcca911115-0d76-47da-be8f-e6b576573cc165426b60-c9d6-4543-aef4-842225493f8d
Санкт-Петербург,Санкт-Петербург                        Приморский район,"ш. Фермское д. 32 (ГРЩ 1, 2, 3), ш. Фермское д. 30, вышка связи, ш. Фермское д. 30 к. 1",05-04-2024 10:00,10:00,05-04-2024 20:00,20:00,Кабельная сеть,Западный РЭС,,59fe9f42-6649-4cf5-a4df-cfb646b2ac62
Ленинградская область,р-н Гатчинский,"д Красницы, ул Заречная  д Красницы, ул Лесная",05-04-2024 10:00,10:00,05-04-2024 18:00,18:00,Гатчинские ЭС,Тосненский РЭС,Капитальный ремонт,8d040246-a2d8-421c-8483-14d32bccfb6f941713d5-36fb-4d87-8f77-1277befeec25
Ленинградская область,р-н Приозерский,п.Севостьяново ( поворот на Яркое),05-04-2024 10:00,10:00,05-04-2024 17:00,17:00,Выборгские ЭС,Приозерский РЭС,Техническое обслуживание ТП,73a4aa95-b2f0-487b-9988-1d055bb619b2
Ленинградская область,р-н Кингисеппский,д Головкино,05-04-2024 10:00,10:00,05-04-2024 17:00,17:00,Кингисеппские ЭС,Кингисеппский РЭС,,0bc24d57-0a70-47f1-84c3-9dc0cd5bcd32
Ленинградская область,р-н Кингисеппский,д Ильмово,05-04-2024 10:00,10:00,05-04-2024 17:00,17:00,Кингисеппские ЭС,Кингисеппский РЭС,,61eac0b0-e42d-4b4f-8c4b-d0798193a8ee
Санкт-Петербург,Приморский район (СПб),"Ланское ш., д.20/3  Омская ул., д.15, 19",05-04-2024 10:00,10:00,05-04-2024 18:00,18:00,Кабельная сеть,Восточный РЭС,,
Ленинградская область,р-н Кингисеппский,д Ильмово,05-04-2024 10:00,10:00,05-04-2024 17:00,17:00,Кингисеппские ЭС,Кингисеппский РЭС,,
Санкт-Петербург,г Пушкин,"ш Московское, дом 9, стр А",05-04-2024 10:00,10:00,05-04-2024 17:00,17:00,Южные электрические сети,Пушкинский РЭС,,fb9cc2c4-7c48-4593-a3f9-afe4b031d2b3
Санкт-Петербург,Санкт-Петербург                        Приморский район,"ул. Савушкина д. 83 к. 3, ул. Савушкина д. 104 к. 2, ул. Савушкина д. 85 к. 2/ ул. Гороховая д. 3, реклама центр, постер",05-04-2024 10:00,10:00,05-04-2024 16:00,16:00,Кабельная сеть,Западный РЭС,,e0242fbb-1cd1-48ca-af2a-8cbd747e74b0
Санкт-Петербург,Санкт-Петербург,"пр-кт Большой В.О., дом 90, стр А",05-04-2024 10:00,10:00,05-04-2024 18:00,18:00,Кабельная сеть,Островной РЭС,,0669b598-d9a5-495e-baad-dfef8e263e70
Санкт-Петербург,Санкт-Петербург,"ул Карташихина, дом 13, стр А  ул Карташихина, дом 15, корп 2, стр А  ул Карташихина, дом 17, стр А  ул Карташихина, дом 20, стр В  ул Шевченко, дом 22, корп 1, стр А  ул Шкиперский проток, дом 5  ул Остоумова, дом 7-9, стр А  ул Остоумова, дом 7-9, стр Б",05-04-2024 10:00,10:00,05-04-2024 18:00,18:00,Кабельная сеть,Островной РЭС,,369acb41-a105-48e6-9ebb-956acccd68033e455c06-2b24-4a33-a9f8-65b556539985fdc04b37-3467-4079-b931-e6ccc042fc4f613232ce-8bb1-4feb-aa69-898a0c4c230e00169dbd-3871-42aa-a3a7-1e884fd862ee00f8bbb2-4098-4330-9b26-c918e662b11fd3ecce37-7184-4ab1-95cc-ff299a78fbce9ca1b41b-0efb-4fb2-994e-cda59fefcbf0
Ленинградская область,р-н Гатчинский,д Новые Черницы,05-04-2024 10:00,10:00,05-04-2024 17:00,17:00,Гатчинские ЭС,Гатчинский РЭС,Капитальный ремонт  ТП-19,c91066b6-d95b-4976-aeee-0ffdd0c866ed
Ленинградская область,р-н Гатчинский,"д Красницы, ул Заречная  д Красницы, ул Лесная",05-04-2024 10:00,10:00,05-04-2024 17:10,17:10,,,Кап.ремонт .,8d040246-a2d8-421c-8483-14d32bccfb6f941713d5-36fb-4d87-8f77-1277befeec25
Санкт-Петербург,Санкт-Петербург,"ул Восстания, дом 18, стр А  ул Жуковского, дом 28, стр А",05-04-2024 10:00,10:00,05-04-2024 17:00,17:00,Кабельная сеть,Центральный РЭС,,80d5341e-6675-4a65-a5e2-1231d5441896d68943dc-dd6d-4354-af1f-129503e33d2d
Санкт-Петербург,г Павловск,ул Матросова 67-87,05-04-2024 10:00,10:00,05-04-2024 16:00,16:00,Южные электрические сети,Пушкинский РЭС,,1fef41b8-ea0d-4c13-8ff5-6ee912c690a7
Санкт-Петербург,г Пушкин,АО НПП ИНТЭЛ,05-04-2024 10:00,10:00,05-04-2024 17:00,17:00,Южные электрические сети,Пушкинский РЭС,,110d6ad9-0b64-47cf-a2ee-7e935228799c
Ленинградская область,р-н Ломоносовский,д Разбегаево,05-04-2024 10:00,10:00,05-04-2024 16:00,16:00,Южные электрические сети,Красносельский РЭС,"ТП-491 Л-3,Л-4, Л-6, Л-7: ж/д-51,53,55,45,47,49.",ab287028-29c0-4fb9-bcb7-fc44ffd4b4ac
Ленинградская область,р-н Тихвинский,"д Бор  дом 18, д.20, д.50, д.52, д.56, д.51А, д.50А",05-04-2024 10:00,10:00,05-04-2024 16:00,16:00,Тихвинские ЭС,Тихвинский РЭС,,cffff006-646e-4096-b32f-a89d63e629f9
Ленинградская область,р-н Лужский,"п Приозерный, ул Центральная, дом 11  п Приозерный, ул Новая, дом 1  п Приозерный, ул Новая, дом 2  п Приозерный, ул Новая, дом 3  п Приозерный, ул Новая, дом 4  п Приозерный, ул Новая, дом 5",05-04-2024 10:00,10:00,05-04-2024 16:00,16:00,Кингисеппские ЭС,Лужский РЭС,,ffca6b15-f86b-4b8f-bd4b-316cbca7649d901652d3-e6c6-416d-b19c-cc372050c6f7db6bc154-9025-43ca-8da0-b1d2709cd87919788894-6121-4985-ad19-a74602352449caa05186-9f8b-42cd-beb6-a13be7d0edc2a3cae2e4-adca-428c-9e62-82da5444776e
Ленинградская область,р-н Ломоносовский,д Дубки  тер. СНТ Дружный Труд,05-04-2024 10:00,10:00,05-04-2024 16:30,16:30,Южные электрические сети,Петродворцовый  РЭС,+ д.Сагомилье. Аварийные работы по замене проводов Ф.Ирм-03,65dc47fd-c664-43a4-8446-e7d6069adcbd338f84bb-3a42-4c1d-83d9-0e2c903ef617
Ленинградская область,"р-н Кировский, массив ст Назия",тер. СНТ Звезда,05-04-2024 10:00,10:00,05-04-2024 12:00,12:00,Новоладожские ЭС,Волховский РЭС,,48b25313-d5f2-4d13-bd8c-af69f96413d2
Ленинградская область,р-н Кировский,д Горка  д Феликсово  д Горгала  д Ратница  д Пиргора  тер. ДНП Феликсово  тер. ДНП Острова,05-04-2024 10:00,10:00,05-04-2024 17:00,17:00,Новоладожские ЭС,Волховский РЭС,,e80195b7-5ae8-4c31-a963-30413e0053252d5b5697-3cc8-4ed7-8357-44152a0df087cb227f13-b408-49ef-b7bc-3a65e9f7d2273d7f640a-ec88-4873-bae3-1cba341760387361ed30-42c8-402a-9182-f7966c51570c2270783a-589f-4513-afc0-831419d75b1248f70fe7-554a-4b80-9004-f08a7d3ab1c0
Ленинградская область,р-н Кировский,п Молодцово,05-04-2024 10:00,10:00,05-04-2024 17:00,17:00,Новоладожские ЭС,Волховский РЭС,,4ccdf94d-ab12-4882-b77e-62c6862e17b5
Ленинградская область,р-н Ломоносовский,тер. СНТ Орбита-3,05-04-2024 10:00,10:00,05-04-2024 16:00,16:00,Южные электрические сети,Пушкинский РЭС,,45c0ff11-949a-44e2-9754-056d7bbb0cd5
Ленинградская область,р-н Ломоносовский,д Кипень,05-04-2024 10:00,10:00,05-04-2024 18:00,18:00,Южные электрические сети,Красносельский РЭС,"ТП-6458, ТП-6753",8fbead84-4fdc-4317-bf64-dc0fef08dc2f
Ленинградская область,р-н Ломоносовский,д Заостровье частично,05-04-2024 09:30,09:30,05-04-2024 16:00,16:00,Гатчинские ЭС,Ломоносовский РЭС,"Плановые работы на оборудовании ТП-3090
Согласование №125",f01c1cf9-811b-401d-8cd7-4697a80355ab
Ленинградская область,р-н Ломоносовский,"д Черемыкино, проезд Хвойный  д Черемыкино, мкр Дружный, проезд Согласия",05-04-2024 09:30,09:30,05-04-2024 16:00,16:00,Гатчинские ЭС,Ломоносовский РЭС,"Плановые работы на оборудовании ТП-4714
Согласование №126",0743109b-3586-4215-9e11-adceae34bcfd1951ffa2-57b8-4574-8be5-71796ac87c33
Ленинградская область,р-н Волосовский,д Рагулово  д Котино  д Старые Смолеговицы  д Новые Смолеговицы,05-04-2024 09:00,09:00,05-04-2024 15:00,15:00,Кингисеппские ЭС,Кингисеппский РЭС,,9c95f90a-a68f-4c1b-ad8e-7bce191a1b5ac317e389-85f1-44a3-b337-c6d6a94a58691ae096d5-6e38-479b-a684-c220321842d8c1fedca4-eea1-441d-a634-804a22d97a47
Ленинградская область,р-н Тихвинский,д. Залющик,05-04-2024 09:00,09:00,05-04-2024 16:00,16:00,Тихвинские ЭС,Тихвинский РЭС,,
Ленинградская область,"р-н Волховский, г Сясьстрой",ул Ленина,05-04-2024 09:00,09:00,05-04-2024 17:00,17:00,Новоладожские ЭС,Волховский РЭС,,c0b88757-dbff-4946-913e-29b15983feed
Ленинградская область,р-н Лужский,д Щегоща,05-04-2024 09:00,09:00,05-04-2024 15:30,15:30,Кингисеппские ЭС,Лужский РЭС,,5c330ae9-d8a2-45ae-b797-d49d8450631d
Ленинградская область,р-н Всеволожский,гп Янино-2,05-04-2024 09:00,09:00,02-04-2024 18:00,18:00,Северные электрические сети,Всеволожский РЭС,,6434dbe8-6886-48f7-8ce3-3a90288fc28f
Ленинградская область,р-н Лужский,д Бор (Дзержинское с/п),05-04-2024 09:00,09:00,05-04-2024 17:30,17:30,Кингисеппские ЭС,Лужский РЭС,,f9499f9a-d37f-4d63-b8a4-30dc27f1e719
Ленинградская область,р-н Лужский,д Щупоголово,05-04-2024 09:00,09:00,05-04-2024 15:30,15:30,Кингисеппские ЭС,Лужский РЭС,,b24d4629-1497-4dcf-a403-c2d86384f000
Ленинградская область,р-н Лужский,м ГЭС-1  д Задубье,05-04-2024 09:00,09:00,05-04-2024 17:00,17:00,Кингисеппские ЭС,Лужский РЭС,,369dd66b-6953-4e18-8ccd-0678071155521b6526e4-5848-41aa-aff8-4be9be4215fd
Ленинградская область,р-н Киришский,капустино,05-04-2024 09:00,09:00,05-04-2024 16:00,16:00,Тихвинские ЭС,Тихвинский РЭС,,60edc63c-77a1-45d6-be5d-a340273efbf5
Ленинградская область,р-н Лужский,"д Сорочкино, ул Морская  д Сорочкино, ул Молодежная  Сорочино Лесная",05-04-2024 09:00,09:00,05-04-2024 17:00,17:00,Кингисеппские ЭС,Лужский РЭС,,34bc124e-119d-4508-90ec-7c6ddaed73f75d3a278b-330a-4ea8-9751-3729080e3d36640df352-68ed-4750-baa6-6414695548a9
Ленинградская область,р-н Тихвинский,"д Бор, пл-ка Промплощадка N 4, СНТ Бор",05-04-2024 09:00,09:00,05-04-2024 16:00,16:00,Тихвинские ЭС,Тихвинский РЭС,В указанный период времени не более 4 часов.,63bf8697-4629-4039-89a7-313a0341bfb0
Ленинградская область,р-н Киришский,"гп Будогощь, ул Заводская",05-04-2024 09:00,09:00,05-04-2024 17:00,17:00,Тихвинские ЭС,Тихвинский РЭС,,be8e4a5b-8311-4ae3-bce9-9de332da52fd
Ленинградская область,р-н Волосовский,д Шёлково  д Голубовицы  СНТ Мед Души  ДНП Горки-гольф  СНТ Луговое  СНТ Нива,05-04-2024 01:00,01:00,05-04-2024 02:00,02:00,Гатчинские ЭС,Ломоносовский РЭС,Оперативные переключения на 30-40 минут,3e2969d3-7390-43fb-b1a9-953e135ee9931807c83b-ccc8-48c1-b6de-e9dc89fab964ded7afe5-fd71-417d-98ee-bb7124d2aa71d94ea4ba-11f4-4309-99c5-2bc70ca68808921987b7-70b5-4808-862c-9525b43784807f237619-9b4a-4389-a9e6-09fce1911218
Ленинградская область,р-н Ломоносовский,"д Горки  д Никольское  д Савольщина, КФХ Юлия  КП Хутор близ Извары  КП Сочи",05-04-2024 01:00,01:00,05-04-2024 02:00,02:00,Гатчинские ЭС,Ломоносовский РЭС,Оперативные переключения на 30-40 минут,1d062567-6df0-4403-b59b-4a5ddf272cd5e9112296-c1f2-473e-b4c1-ae8f1c90e4562c771a4f-f4eb-4c85-adcd-12ff5b942f147711d6bc-9663-4fbb-ac13-526205799c1ecb759ab0-cd6c-4a97-8035-8052239e4551
Санкт-Петербург,Санкт-Петербург                        г Пушкин,"тер Павильон Урицкого, дом 1  ул Школьная, дом 2, стр А  ул Песочная, дом 2/4, стр А  ул Песочная, дом 5, стр А  ул Песочная, дом 7, стр А  ул Песочная, дом 9, стр А  ул Песочная, дом 4, стр А  ул Новая, дом 28, стр А  ул Оранжерейная, дом 46, стр А  ул Оранжерейная, дом 48, стр А  ул Ленинградская, дом 14, стр А  ул Ленинградская, дом 57, стр А  ул Ленинградская, дом 16, стр А  ул Ленинградская, дом 18, стр А  ул Ленинградская, дом 20, стр А  ул Ленинградская, дом 22, стр А  ул Леонтьевская, дом 41, стр А  ул Оранжерейная, дом 54, стр А  ул Ленинградская, дом 55, стр А  ул Ленинградская, дом 65, стр А  тер Павильон Урицкого, дом 10, стр А  тер Павильон Урицкого, дом 14, стр А  тер Павильон Урицкого, дом 16, стр А  тер Павильон Урицкого, дом 18, стр А  тер Павильон Урицкого, дом 20, стр А  пр-кт Академический, дом 35Б, стр А  тер Павильон Урицкого, дом 5, стр А  тер Павильон Урицкого, дом 1  тер Павильон Урицкого, дом 3, стр А  ул Ленинградская, дом 83, стр А  ш Красносельское, дом 57, стр А",04-04-2024 22:00,22:00,05-04-2024 08:00,08:00,Южные электрические сети,Пушкинский РЭС,в период с 22:00 04.04.2024 до 08:00 05.04.2024 один раз на 5 минут,6a1c6be0-082f-4d5e-a158-92fdb52ad1574c0b259c-7cad-48f0-89d9-aa31ad35cd70278a42c8-b965-41ab-a899-6421b6c37f1c392b74a5-abe7-4d5f-b53c-04f292a1ce9a928f6de6-0530-4f75-853f-1bd11a685a16d5cea90d-cdc8-4a6d-84bd-00745811e675303d1c23-125f-48f6-8526-523b3b1302ed22c5db65-8ff4-4a49-8a05-7895c9838d868dafe052-c3cd-4a4e-9c70-e71d3b9277aec898ec57-9265-4249-8f97-47d86efcc9f7c76a4825-9892-4cec-8d14-9549413f6b1b191d6114-5f91-4a3f-b1ad-cfe9e5f13f47e2e3af1b-0994-4aa2-844a-0a384cf52bb6ddb80714-15e8-43ad-8a6d-587a40b34dfb133fb28d-bb15-4d25-bfaf-4916109ee9ae9b293edb-5fa0-4739-866d-ccad00cf593e33e62ea1-4682-4850-822a-6422b31a0e6ec17ee1d0-d217-4abe-8e0e-cb8f668b2f754dd80370-b2fb-4934-9ced-152e3cb20ec0535a3b0a-2cb7-4260-ac4d-2afc3fdae11ddf1a2e30-7e77-427e-b393-b32010a3af270edd97bf-19c2-4eba-bf06-194e6987c2c339e27915-6d36-4894-9b7a-26c8e497e3d849d21494-b078-4aa1-b5e4-d897967d966560d922c6-c353-4349-9c3a-fbaf1815793ba78cd60f-af23-4f9d-9c6f-39c04ab6b782129866c5-f211-42b6-9935-96ade7ad17c66a1c6be0-082f-4d5e-a158-92fdb52ad1579cfaf448-823c-4489-b643-8e3420881b2f421962a6-7a66-47eb-a59a-686cecb1dce48aee43a3-525c-4a43-9b66-6c2729f83fc9
Ленинградская область,р-н Ломоносовский,д Горбунки,04-04-2024 20:00,20:00,05-04-2024 08:00,08:00,Южные электрические сети,Красносельский РЭС,"ф.395-01 ТП-2017,ТП-2042, ТП-2032, ТП-465: 2 раза по 30 минут",
Ленинградская область,р-н Ломоносовский,д Пески,04-04-2024 20:00,20:00,05-04-2024 08:00,08:00,Южные электрические сети,Красносельский РЭС,ВЛ-10кВ Ф.191-05 Л ППр626-ППр532: 2 раза по 30 минут,
Санкт-Петербург,Санкт-Петербург                        г Колпино,Лагерное шоссе  Вознесенское шоссе  ТСН Север массив 13,04-04-2024 20:00,20:00,05-04-2024 03:00,03:00,Южные электрические сети,Колпинский РЭС,Кратковременное отключение электроэнергии (на 20 минут),084bbe52-9c88-43d9-b272-8e9d4b4759b2084bbe52-9c88-43d9-b272-8e9d4b4759b21e11a121-81c4-4b66-b11c-da8f47db2e1d
Ленинградская область,р-н Тихвинский,д Ситомля  д Струнино  д Харчевня  д Ругуй,04-04-2024 16:00,16:00,04-04-2024 17:00,17:00,Тихвинские ЭС,Тихвинский РЭС,,bc3882e3-7d5c-4259-9cb9-93da9263efbb142814bb-188e-403f-a491-7c9adddc6d86ccf62bf4-39b3-4cc6-a86e-fa970431650bafaf6d79-909b-4d77-8f10-c65f2a84da5b
Ленинградская область,Тосненский,Бабино  Бабино-2  Бабинская Лука,04-04-2024 16:00,16:00,04-04-2024 17:00,17:00,Гатчинские ЭС,Тосненский РЭС,Восстановление провода на потребительской линии ВЛ-10кВ,312ab5b7-c288-4543-b726-8f650ad19844ae5f6fa5-2d90-4aa4-bca6-c8e5fbb00dfb9441d51c-be2e-4e06-9149-72692f52799f
Санкт-Петербург,Санкт-Петербург,"б-р Поэтический, дом 3, стр А  б-р Поэтический, дом 5, стр А  б-р Поэтический, дом 5, корп 3, стр А",04-04-2024 15:00,15:00,04-04-2024 20:00,20:00,Кабельная сеть,Северный РЭС,,e940e4a4-dee8-4004-a16e-d95e9b315acf670f01cd-245a-4908-b75a-5f404fe79af6f229b3ab-d11c-4749-8aa5-0ae3496d0c3a
Ленинградская область,р-н Ломоносовский,д Волковицы  тер СНТ Андреевка массив,04-04-2024 14:00,14:00,04-04-2024 18:00,18:00,Южные электрические сети,Красносельский РЭС,Аварийно-восстановительные работы.,d3e9cabb-2ffa-428c-9172-1ab98a51495fcae03f37-a10d-4e5d-b0c1-a52399f62585
Ленинградская область,р-н Гатчинский,д Пеушалово  д Лайдузи  д Кезелево  д Куйдузи,04-04-2024 14:00,14:00,04-04-2024 18:00,18:00,Южные электрические сети,Красносельский РЭС,Аварийно-восстановительные работы.,7777bf05-29d9-474a-871e-e0721391d379f0e9eccd-fadf-41b7-a6f8-3e5837020c7fd67a785f-d8d0-4c46-a26a-687cd08316f94a501180-1cf7-46b2-99b7-f2206fbfe8a6
Ленинградская область,р-н Подпорожский,"гп Важины, ул Механизаторов",04-04-2024 13:00,13:00,04-04-2024 16:00,16:00,Новоладожские ЭС,Лодейнопольский РЭС,Вырубка ДКР,87dc1f9a-4cef-4786-aa3b-e28a0ac9a879
Санкт-Петербург,Санкт-Петербург,"ул Восстания, дом 18, стр А  пер Ковенский, дом 15, стр Г  пер Ковенский, дом 13, стр А  ул Жуковского, дом 26, стр А  ул Восстания, дом 20/16, стр А  ул Восстания, дом 22, стр А  ул Восстания, дом 16, стр А",04-04-2024 13:00,13:00,04-04-2024 18:00,18:00,Кабельная сеть,Центральный РЭС,,80d5341e-6675-4a65-a5e2-1231d54418961ef4e163-0572-4a79-b4cf-9e995a52f8963a575f79-4e3a-45fa-9a84-c724166a625c2d656421-817d-4df9-8c29-79eb450f36578ad04036-bf6a-4685-86e1-2aa24c3d400a38b53d26-586c-4f09-8e2a-7e873b310701c0200d2c-5196-493c-814a-c9e20ee122f9
Ленинградская область,р-н Тихвинский,д Олешково,04-04-2024 13:00,13:00,04-04-2024 16:00,16:00,Тихвинские ЭС,Бокситогорский РЭС,,c00f7854-7e73-4503-b714-8b2fce8919ba
Ленинградская область,р-н Ломоносовский,д Оржицы,04-04-2024 12:00,12:00,04-04-2024 17:03,17:03,Гатчинские ЭС,Ломоносовский РЭС,"Плановые работы на оборудовании ТП-3000
Согласование №121.",16109e98-7bcb-4656-acb2-a718e637069a
Ленинградская область,р-н Ломоносовский,д Иннолово,04-04-2024 12:00,12:00,04-04-2024 17:00,17:00,Южные электрические сети,Красносельский РЭС,"ТП-498, ТП-5918",76f5f698-0cd5-431a-8b1b-de249c6bb43e
Ленинградская область,р-н Тихвинский,д Кильмуя,04-04-2024 12:00,12:00,04-04-2024 15:00,15:00,Тихвинские ЭС,Бокситогорский РЭС,,db26b806-9426-4434-8227-57beb50a083e
Санкт-Петербург,Санкт-Петербург                        г Красное Село,"тер. СНТ Дружба  пр-кт Красных Командиров  ул Ново-Железнодорожная  ш Пушкинское  ул Привокзальная  ул Горбунова  тер Дудергоф, пр-кт Двадцать Пятого Октября",04-04-2024 12:00,12:00,04-04-2024 18:00,18:00,Южные электрические сети,Красносельский РЭС,ВЛ-6кВ Ф. 514-103 Л 405к-402к,ab9f6964-ffed-4727-8032-1f3a3d00ca8ab7e87e84-ddcd-4945-a22c-189070178a0e6fbc37e7-3ab2-4272-91fb-9cfd54a5ca08403c3550-51af-406a-b9d1-819e4c7012d5d613eb39-de0c-46c5-8205-e4776f663185777e2ba5-1c1a-4c07-a114-5d2a460d6e303d8bfc42-dd15-4e5f-945d-e69362f94a83
Санкт-Петербург,Санкт-Петербург,"ул Сикейроса, дом 11, корп 1, стр А  ул Сикейроса, дом 11, корп 2, стр А  ул Есенина, дом 3, стр А",04-04-2024 11:00,11:00,04-04-2024 17:00,17:00,Кабельная сеть,Северный РЭС,,f2361715-49fa-4a21-8772-6c9392f91f14c183f6e6-edf5-4f1b-ab74-ae44f0ca14367bbfcafe-264d-4878-b87b-d8236c130a4a
Санкт-Петербург,Невский район,"ул Купчинская, дом 8, корп 1, литера А  ул Купчинская, дом 10, корп 3, литера А",04-04-2024 11:00,11:00,04-04-2024 17:00,17:00,Кабельная сеть,Невский РЭС,,0d2727fc-afb0-4543-a3f0-dea061edda8e15ed8ef7-7173-4a9a-9e8d-0436962df266
Санкт-Петербург,Санкт-Петербург                        Приморский район,"наб. Реки Каменки д. 11 к. 2, наб. Реки Каменки д. 7 к. 3, наб. Реки Каменки д. 7 к. 2, ленсвет",04-04-2024 11:00,11:00,04-04-2024 16:00,16:00,Кабельная сеть,Западный РЭС,,f0903098-f697-4fea-83f3-c3215fcdbe82
Ленинградская область,р-н Ломоносовский,д Лаголово  д Телези,04-04-2024 11:00,11:00,04-04-2024 17:00,17:00,Южные электрические сети,Красносельский РЭС,,bca11ea6-0773-42a6-9a49-ec8bc4cf63d5d918869d-36d1-4b9c-a9c2-88563eae1120
Санкт-Петербург,Невский район,"ул Русановская, дом 15, корп 1, стр А  ул Русановская, дом 17, корп 1, стр А",04-04-2024 10:30,10:30,04-04-2024 18:00,18:00,Кабельная сеть,Правобережный РЭС,по одному вводу,64b2187b-9afb-4779-b3f4-83f1c03f3d39c002818f-cb3b-4910-a6e8-4d8f81a6567f
Санкт-Петербург,Санкт-Петербург                        Кировский район,"пр.Ветеранов,д.86  пр.Ветеранов,д.98  пр.Ветеранов,д.100  пр.Ветеранов,д.102  пр.Ветеранов,д.78",04-04-2024 10:30,10:30,04-04-2024 18:00,18:00,Кабельная сеть,Юго-Западный РЭС,,ee3c872c-92dd-4b05-9116-5c6dd602fa50539b8814-6c48-4986-873d-5e7ea904ae98dde4cedd-1ddd-4e67-bad0-4e1af1c96af3ad47bc89-3cb3-4734-bdce-4821cb9a93725fcb7fc1-4bf0-45f6-b127-10ec9c21c876
Санкт-Петербург,Невский район,"Глухоозерское шоссе, 15, лит., А, Б",04-04-2024 10:30,10:30,04-04-2024 17:00,17:00,Кабельная сеть,Невский РЭС,,98146579-2385-43c8-bcdd-d0c3a97ec3ce
Санкт-Петербург,Курортный район,"ул Лебединая  пр-кт Лахтинский  тер Лахта, ул Береговая  ул Соловьиная  ул Старая  аллея Берёзовая  ул Соловьиная",04-04-2024 10:12,10:12,04-04-2024 20:12,20:12,Северные электрические сети,Песочинский РЭС,,9bdfa9d8-dce6-4ea1-b4da-256435bc386524e7c8fd-69cb-4ad5-a17a-870b9033ca11539e93d0-5e49-44f5-9ae1-309232bd4e6bfc56d6a0-9024-4f37-b61d-0917d68ef169799f61fe-fdc0-4030-aaa5-8e0ce2ecc420c982b9ae-dde8-4f40-b158-95fc54d59aa0fc56d6a0-9024-4f37-b61d-0917d68ef169
Ленинградская область,р-н Тихвинский,д Ситомля  д Струнино  д Харчевня  д Ругуй,04-04-2024 10:00,10:00,04-04-2024 11:30,11:30,Тихвинские ЭС,Тихвинский РЭС,,bc3882e3-7d5c-4259-9cb9-93da9263efbb142814bb-188e-403f-a491-7c9adddc6d86ccf62bf4-39b3-4cc6-a86e-fa970431650bafaf6d79-909b-4d77-8f10-c65f2a84da5b
Санкт-Петербург,Санкт-Петербург                        Кировский район,"ул.Броневая,д.4  ул.Броневая,д.6-б зона 5  ул.Возрождения,д.6а  ул.Броневая,д.1  ул.Броневая,д.8  ул.Броневая,уч.104",04-04-2024 10:00,10:00,04-04-2024 20:00,20:00,Кабельная сеть,Юго-Западный РЭС,,a3bae1dc-f303-4ca7-bf6f-3bd2c7b7abfb6b683d1f-87f0-41f0-b29e-6a0bef4268bf7f905beb-a60a-4c62-8939-54165c66623233654105-591f-4bf5-892c-b03f730c59c033654105-591f-4bf5-892c-b03f730c59c033654105-591f-4bf5-892c-b03f730c59c0
Санкт-Петербург,Санкт-Петербург                        Приморский район,"ул. Ильюшина д. 1 к. 1, ул. Ильюшина д. 1 к. 2, пр. Комендантский д. 12 к.1.",04-04-2024 10:00,10:00,04-04-2024 17:00,17:00,Кабельная сеть,Западный РЭС,,a351916b-9405-4e27-bf4e-009a8d8895de
Санкт-Петербург,Невский район,"пр-кт Солидарности, дом 1, корп 3, стр А  пр-кт Солидарности, дом 3, корп 4, стр А  пр-кт Солидарности, дом 3, корп 3, стр А  ул Чудновского, дом 6, корп 4, стр А  ул Чудновского, дом 8, корп 4, стр А",04-04-2024 10:00,10:00,04-04-2024 18:00,18:00,Кабельная сеть,Правобережный РЭС,по одному вводу,370a5cd8-f6ed-445c-b955-86f6b09724a58205d279-3939-47e6-b8b1-9b2b7e0fd200da7ea885-1337-4e67-a337-2fe817e24ddc6aa81fae-a1da-4c65-a139-0ceb3f75ef982b2b0369-b132-425b-a42f-909cfde51e99
Санкт-Петербург,Санкт-Петербург                        Приморский район,ул. Парашютная д. 88 лит. В,04-04-2024 10:00,10:00,04-04-2024 17:00,17:00,Кабельная сеть,Западный РЭС,,b53699b1-d782-44c5-b23b-f86ef93b633f
Ленинградская область,р-н Всеволожский,"д Вартемяги, пер Школьный  д Вартемяги, ул Колхозная",04-04-2024 10:00,10:00,04-04-2024 17:00,17:00,Северные электрические сети,Сертоловский РЭС,,e90f9ce0-08a7-4bf1-aaa4-f405c19eec0fd3452476-7b63-4813-8beb-1dec2a1afe96
Ленинградская область,р-н Всеволожский,п Ковалево,04-04-2024 10:00,10:00,04-04-2024 17:00,17:00,Северные электрические сети,Всеволожский РЭС,,e5c62df7-a3cb-457e-872c-995db0a25e44
Ленинградская область,р-н Лодейнопольский,тер. СНТ Северное  тер. СНТ Пиркиничи,04-04-2024 10:00,10:00,04-04-2024 15:00,15:00,Новоладожские ЭС,Лодейнопольский РЭС,Работы на ВЛ,113d7f84-555b-470b-a682-25a0e3b501c6e3cbe033-cfd8-4a81-8787-1c1ea1d40151
Ленинградская область,р-н Лодейнопольский,д Никоновщина,04-04-2024 10:00,10:00,04-04-2024 14:00,14:00,Новоладожские ЭС,Лодейнопольский РЭС,Работы в ТП,14825828-f41e-46ba-885e-cd198e5e79f3
Ленинградская область,р-н Гатчинский,п Терволово,04-04-2024 10:00,10:00,04-04-2024 17:00,17:00,Южные электрические сети,Красносельский РЭС,ТП-6877,6650c1c4-31ea-463a-a136-c4bdd6c1e5e0
Ленинградская область,р-н Ломоносовский,д Волковицы,04-04-2024 10:00,10:00,04-04-2024 17:00,17:00,Южные электрические сети,Красносельский РЭС,ТП-6118,d3e9cabb-2ffa-428c-9172-1ab98a51495f
Ленинградская область,р-н Выборгский,п.Волочаевка,04-04-2024 10:00,10:00,04-04-2024 17:00,17:00,Выборгские ЭС,Рощинский РЭС,,
Ленинградская область,р-н Сланцевский,д Загорье,04-04-2024 10:00,10:00,04-04-2024 16:00,16:00,Кингисеппские ЭС,Кингисеппский РЭС,,d19409cb-388b-48c0-9ae5-db20ca6efb6d
Санкт-Петербург,Санкт-Петербург                        г Красное Село,ул Полевая  ул Восстановления,04-04-2024 10:00,10:00,04-04-2024 18:00,18:00,Южные электрические сети,Красносельский РЭС,"ВЛ-0,4кВ от ТП-406к",
Санкт-Петербург,Санкт-Петербург,"пр-кт КИМа, дом 7/19, стр А  пр-кт КИМа, дом 7/19, стр Б  пр-кт КИМа, дом 9, стр Б",04-04-2024 10:00,10:00,04-04-2024 23:59,23:59,Кабельная сеть,Островной РЭС,,1702e333-361c-4839-bc7e-13352e58c3a3a8f9c36f-afd1-4e9e-ad2f-05bcd4fdabe2dcf51970-e9a4-4323-9959-008a44b87f00
Санкт-Петербург,Санкт-Петербург,"пл Биржевая, дом 4, стр А",04-04-2024 10:00,10:00,04-04-2024 18:00,18:00,Кабельная сеть,Островной РЭС,Перевод нагрузки на Т-1,e5364d49-8df8-4e18-81c4-21082bf8c634
Санкт-Петербург,Санкт-Петербург,"ул Кораблестроителей, дом 39, стр В  ул Кораблестроителей, дом 39, стр Г  ул Кораблестроителей, дом 50, стр А",04-04-2024 10:00,10:00,04-04-2024 18:00,18:00,Кабельная сеть,Островной РЭС,,4f1b9a82-f64a-43cf-b744-b47a3457e78b4ff73205-8f10-4942-8fb7-8063281c76ad14a44710-5bf0-447a-abbb-780660b3a842
Ленинградская область,"р-н Всеволожский, массив Ройка",тер. СНТ Интеркомплекс  тер. СНТ ТОО ГОИ  тер. СНТ КЭТ  тер. СНТ Ройка,04-04-2024 10:00,10:00,04-04-2024 18:00,18:00,Северные электрические сети,Сертоловский РЭС,,d45c3599-0702-4a35-97ce-f48aa273828bbceb0855-8fa8-4cd9-8fef-6e482ead4d8a32c87d7d-12db-4ad5-a77d-6fd5a51cc9e4a90a979b-334e-4321-bc7f-9ff3b8624fda
Ленинградская область,р-н Выборгский,п Бородинское  п Свободное,04-04-2024 10:00,10:00,04-04-2024 14:00,14:00,Выборгские ЭС,Выборгский РЭС,,533422bb-8e81-42cf-becc-250ef6221b817e49ee4d-a25f-4b4b-bc1c-2ab978dbf227
Ленинградская область,р-н Кингисеппский,д Старое Гарколово,04-04-2024 10:00,10:00,04-04-2024 17:00,17:00,Кингисеппские ЭС,Кингисеппский РЭС,,54fca126-f5c4-4447-9880-9f0ab1652ce1
Ленинградская область,р-н Кингисеппский,д Большое Райково,04-04-2024 10:00,10:00,04-04-2024 17:00,17:00,Кингисеппские ЭС,Кингисеппский РЭС,,60cedf75-a192-463f-8a00-7a3dcf6c9e57
Санкт-Петербург,Приморский район (СПб),"Ланское ш., д.20/1  Омская ул., д.13",04-04-2024 10:00,10:00,04-04-2024 18:00,18:00,Кабельная сеть,Восточный РЭС,,
Ленинградская область,р-н Кингисеппский,д Ударник,04-04-2024 10:00,10:00,04-04-2024 17:00,17:00,Кингисеппские ЭС,Кингисеппский РЭС,,6f1e94a9-9c99-4285-8f38-2b8f519abd49
Ленинградская область,р-н Гатчинский,п Терволово,04-04-2024 10:00,10:00,04-04-2024 17:00,17:00,Южные электрические сети,Красносельский РЭС,"ТП-6714, ТП-5955",6650c1c4-31ea-463a-a136-c4bdd6c1e5e0
Санкт-Петербург,Санкт-Петербург,"ул Глинки, дом 1, стр А  ул Глинки, дом 3-5-7, стр А",04-04-2024 10:00,10:00,04-04-2024 23:00,23:00,Кабельная сеть,Центральный РЭС,,36327a9d-63c9-46e1-a2ed-1deb5a11f70230cb30fe-e9de-4679-8caa-2e5a00ff4abb
Ленинградская область,р-н Гатчинский,"п Высокоключевой, ул Льва Толстого",04-04-2024 10:00,10:00,04-04-2024 17:00,17:00,Гатчинские ЭС,Гатчинский РЭС,Капитальный ремонт л-1 ТП-17,44de7c42-a30e-4033-9efb-7aec0a000d5c
Ленинградская область,р-н Гатчинский,Руново,04-04-2024 10:00,10:00,04-04-2024 18:00,18:00,Гатчинские ЭС,Гатчинский РЭС,Установка реклоузера в пролете опор №29-30.,31fa1840-b296-4895-b664-ff6688037e8d
Ленинградская область,р-н Тихвинский,тер. СНТ Солнечное,04-04-2024 10:00,10:00,04-04-2024 17:00,17:00,Тихвинские ЭС,Тихвинский РЭС,,12b77d3b-8c74-4fe9-a368-f3b5f766aa1c
Ленинградская область,р-н Тосненский,"п Шапки, ул Зеленая  п Шапки, ул Межевая",04-04-2024 10:00,10:00,04-04-2024 17:00,17:00,Гатчинские ЭС,Тосненский РЭС,"Замена провода,замена вводов.",0737931f-9d56-4b29-b034-cff9aed1196bfd69a2d5-b4b1-4aaa-a700-5221f38a7b5d
Ленинградская область,р-н Ломоносовский,д Алакюля,04-04-2024 10:00,10:00,04-04-2024 17:00,17:00,Южные электрические сети,Красносельский РЭС,"ТП-5603, ТП-5604, ТП-5605, ТП-6810.",5c932501-e95f-47d7-812d-32e5a0acdefc
Санкт-Петербург,Санкт-Петербург                        г Красное Село,ул Пушкинская д.1 лит.А,04-04-2024 10:00,10:00,04-04-2024 18:00,18:00,Южные электрические сети,Красносельский РЭС,ТП-6673.,6113c29b-5e40-4260-aa27-532b31d7387e
Санкт-Петербург,Санкт-Петербург,"пр-кт Вознесенский, дом 3-5, стр А  пр-кт Вознесенский, дом 7, стр А  ул Декабристов, дом 1-3, стр А  наб Реки Мойки, дом 72, стр А  пер Пирогова, дом 3, стр А  пер Пирогова, дом 5, стр Б",04-04-2024 10:00,10:00,04-04-2024 17:30,17:30,Кабельная сеть,Центральный РЭС,,36ea2af8-7712-462f-a5ab-89ff15c13c17ce0abf0d-ab36-462a-b687-db6791b91fb40d080b31-75f9-4609-859a-c8af204135af023fb092-4bbe-4e42-b8d9-5cd861818de6d4758354-5e57-47e1-bbf3-ee1ae71b21cfcab40324-40b9-4a0c-a6ca-bf33ae4f44e2
Санкт-Петербург,Санкт-Петербург,"ул Садовая, дом 37, стр А  пер Спасский, дом 11/1, стр А",04-04-2024 10:00,10:00,04-04-2024 23:00,23:00,Кабельная сеть,Центральный РЭС,,63a6c641-91b5-415c-ad4a-1238a52c59427d734b30-d556-40cf-a38c-65632ba0e7f5
Санкт-Петербург,г Пушкин,"тер Гуммолосары, ул Горная, дом 1, стр А  тер Гуммолосары, ул Горная, дом 2, стр А  тер Гуммолосары, ул Горная, дом 3, стр А  тер Гуммолосары, ул Горная 4  тер Гуммолосары, ул Горная, дом 5, стр А  тер Гуммолосары, ул Горная 6  тер Гуммолосары, ул Горная 8  тер Гуммолосары, ул Горная, дом 9, стр А",04-04-2024 10:00,10:00,04-04-2024 17:00,17:00,Южные электрические сети,Пушкинский РЭС,примерно на 3-4 часа,6e14bea8-fe7d-4d70-95b3-555cf7b7e3fd30ad7cb0-4102-4492-8c05-13dc61b23851fe6541c2-a9b4-4e88-9d86-031def6248fcf2d63801-ef23-433d-9a09-822ebf6824bf5238bc9b-774c-4046-b301-8952290faf8af2d63801-ef23-433d-9a09-822ebf6824bff2d63801-ef23-433d-9a09-822ebf6824bf35858f97-9605-4247-a2f3-75926b35348e
Санкт-Петербург,г Пушкин,пл Привокзальная  ул Железнодорожная  Нижний пер.  Рабочий пер.  Ленинградское ш.  Шоссейный пер.,04-04-2024 10:00,10:00,04-04-2024 17:00,17:00,Южные электрические сети,Пушкинский РЭС,примерно на 3-4 часа,b73ff263-e8a9-46bb-bad9-6ef6eb68c9d8087d2ff7-ec22-4ab7-a486-8d0d11afdda2110d6ad9-0b64-47cf-a2ee-7e935228799c110d6ad9-0b64-47cf-a2ee-7e935228799c0190c79d-ec7b-42a1-a4ab-a440401b7daa110d6ad9-0b64-47cf-a2ee-7e935228799c
Санкт-Петербург,г Пушкин,"ул Церковная 33  ул Церковная, дом 35/19, стр А  ул Новая, дом 20, стр А  ул Новая, дом 21, стр А  ул Новая, дом 23, стр А  ул Новая, дом 25, стр А",04-04-2024 10:00,10:00,04-04-2024 17:00,17:00,Южные электрические сети,Пушкинский РЭС,примерно на 2-3 часа,940357cd-617b-4a38-92d2-e4b32992a56d62129923-6d40-415e-b6a9-148a732aec797ae90e41-d83a-4252-868d-ee4ec07537641a3804c0-fa18-45da-94b2-65692671163aabe9043e-e81e-4760-b357-db57640628c10d64856b-c8c7-4b5c-9404-f841395153bd
Ленинградская область,р-н Тосненский,"п Войскорово, ул Луговая",04-04-2024 10:00,10:00,04-04-2024 17:00,17:00,Южные электрические сети,Пушкинский РЭС,,f7019ab4-a488-4276-8b16-09b64f8a25c8
Ленинградская область,р-н Тосненский,"гп Фёдоровское, ул Строителей, дом 11  гп Фёдоровское, ул Восточная  гп Фёдоровское, ул Малая",04-04-2024 10:00,10:00,04-04-2024 17:00,17:00,Южные электрические сети,Пушкинский РЭС,,83d636ae-4479-4642-949f-88db8b9fe0ce843c14d3-2cb9-4ce4-90b5-a63e1e58a3752497769c-edfd-4d17-82a4-35ab3a751634
Ленинградская область,р-н Тихвинский,д Андронниково,04-04-2024 10:00,10:00,04-04-2024 12:00,12:00,Тихвинские ЭС,Бокситогорский РЭС,,2d95af12-11e8-4273-b724-e1dad3fdce0c
Ленинградская область,р-н Тихвинский,"д Бор  дом 18, д.20, д.50, д.52, д.56, д.51А, д.50А",04-04-2024 09:31,09:31,04-04-2024 18:00,18:00,Тихвинские ЭС,Тихвинский РЭС,,cffff006-646e-4096-b32f-a89d63e629f9
Ленинградская область,р-н Волосовский,д Шёлково  д Голубовицы  СНТ Мед Души  ДНП Горки-гольф  СНТ Луговое  СНТ Нива,04-04-2024 09:30,09:30,04-04-2024 17:30,17:30,Гатчинские ЭС,Ломоносовский РЭС,"Оперативные переключения в промежутке времени с 09:30 до 17:30 будет кратковременно отключаться электроэнергия, на 15-20 минут  в начале и конце рабочего дня",3e2969d3-7390-43fb-b1a9-953e135ee9931807c83b-ccc8-48c1-b6de-e9dc89fab964ded7afe5-fd71-417d-98ee-bb7124d2aa71d94ea4ba-11f4-4309-99c5-2bc70ca68808921987b7-70b5-4808-862c-9525b43784807f237619-9b4a-4389-a9e6-09fce1911218
Ленинградская область,р-н Ломоносовский,"д Горки  д Никольское  д Савольщина, КФХ Юлия  КП Хутор близ Извары  КП Сочи",04-04-2024 09:30,09:30,04-04-2024 17:30,17:30,Гатчинские ЭС,Ломоносовский РЭС,Работы по реконструкции ВЛ-10кВ,1d062567-6df0-4403-b59b-4a5ddf272cd5e9112296-c1f2-473e-b4c1-ae8f1c90e4562c771a4f-f4eb-4c85-adcd-12ff5b942f147711d6bc-9663-4fbb-ac13-526205799c1ecb759ab0-cd6c-4a97-8035-8052239e4551
Ленинградская область,р-н Ломоносовский,"тер. СНТ Старая Буря  тер Урочище Старая Буря  д Новая Буря  тер. СНТ Лопухинка  тер. СНТ Старая Буря  АО Штаб  д Старые Медуши  д.Старая Буря, садоводство",04-04-2024 09:30,09:30,04-04-2024 17:30,17:30,Гатчинские ЭС,Ломоносовский РЭС,Плановые работы по реконструкции ВЛ-10кВ Ф-257-01.,6102899f-8314-40f0-9a09-9ed0db6c74516693c7a6-87d7-4a7e-9989-a08dc6b9bacd49846d41-5e82-4c99-915c-0d36b9501581690dcf7e-05fa-4b5d-b1dd-69ede37cf1476102899f-8314-40f0-9a09-9ed0db6c7451cb759ab0-cd6c-4a97-8035-8052239e4551a697ae1f-cd15-4226-9be0-56f2ba80566f6102899f-8314-40f0-9a09-9ed0db6c7451
Ленинградская область,р-н Подпорожский,"д Кезоручей, проезд Девятый",04-04-2024 09:30,09:30,04-04-2024 12:00,12:00,Новоладожские ЭС,Лодейнопольский РЭС,Вырубка ДКР,a70ace0e-90a0-4f98-a913-54b48527e5e2
Ленинградская область,р-н Всеволожский,д Новосергиевка,04-04-2024 09:24,09:24,04-04-2024 16:24,16:24,Северные электрические сети,Всеволожский РЭС,,bd52d0bd-e679-4adf-b8f5-3c9effdaf3ad
Ленинградская область,р-н Всеволожский,тер Соржа-Старая,04-04-2024 09:22,09:22,04-04-2024 18:00,18:00,Северные электрические сети,Всеволожский РЭС,,6eba8fd2-5fa0-4947-933b-2eeb6072db4d
Ленинградская область,р-н Бокситогорский,"гп Ефимовский, ул Володарского, дом 7  гп Ефимовский, ул Володарского, дом 15  гп Ефимовский, ул Володарского, дом 6А",04-04-2024 09:00,09:00,04-04-2024 17:00,17:00,Тихвинские ЭС,Бокситогорский РЭС,,511eeeab-c69c-4be5-82a1-f6b5a4ae69d7491ac43e-337e-43a4-902a-bf329d695efc9788b2fc-a505-4ec2-9eae-8267ec64013d
Санкт-Петербург,Санкт-Петербург                        г Зеленогорск,"Комсомольская ул, д.10    Комсомольская ул, д.10  а  Комсомольская ул, д.8а  Комсомольская ул, д.6   Комсомольская ул, д.8",04-04-2024 09:00,09:00,04-04-2024 20:00,20:00,Северные электрические сети,Курортный РЭС,Капитальный ремонт,1114e663-28bc-4eac-870d-fa77e561212c1114e663-28bc-4eac-870d-fa77e561212ceabee069-5b57-4dff-a206-79e56f92234121566da0-2bb8-45a0-91bd-dd10d51a20304fa31f65-0e0d-4f5c-a0a8-fec961982b1a
Ленинградская область,р-н Волосовский,"д Кряково  Беседа ул. Мира  п Беседа, ул Молодежная  п Беседа, ул Заречная  п Беседа, ул Беседская",04-04-2024 09:00,09:00,04-04-2024 15:00,15:00,Кингисеппские ЭС,Кингисеппский РЭС,,47f7c5d0-1b01-4f88-834c-dc15dfd8f35977280cfa-bd93-49e3-b1db-a0c83b933312b8fef999-9109-4900-a389-56a498d5db97f3d4446d-d33d-42a0-80c4-8743d875ffd46f9d8e36-3888-4e95-8dd7-ea0b09510af0
Санкт-Петербург,Санкт-Петербург,"пр-кт Юрия Гагарина, дом 31, стр А  пр-кт Юрия Гагарина, дом 35, стр А  ул Типанова, дом 13, стр А  ул Типанова, дом 15, стр А  ул Авиационная, дом 40, стр А  ул Авиационная, дом 42, стр А  ул Авиационная, дом 44, стр А",04-04-2024 09:00,09:00,04-04-2024 18:00,18:00,Кабельная сеть,Южный РЭС,,608f59ab-8efd-48ea-9dd7-8b36c5f9b97c9ce4d33e-3a8f-4c2f-a0c6-51777e6aacf35d2a51d5-1aa4-4168-afe3-799e01685ccac133b835-682b-4975-bbf8-245475625c79cdc77753-767e-4c87-9f0c-2b5e2401a649791b7ad9-20dd-4e00-a1ba-d1e8511588a9e072da0c-a916-4329-93d9-43571cc8140a
Ленинградская область,р-н Лужский,п Чолово  д Песочный Мох,04-04-2024 09:00,09:00,04-04-2024 16:00,16:00,Кингисеппские ЭС,Лужский РЭС,,0dd4fe91-dcf7-4cc1-bca8-808a3296b0e1f2cb9091-26c8-45fe-bcfc-b52bb9aed469
Ленинградская область,р-н Лужский,д Сырец,04-04-2024 09:00,09:00,04-04-2024 17:00,17:00,Кингисеппские ЭС,Лужский РЭС,,e290e4e8-8676-4168-b528-a48f04078fd8
Ленинградская область,р-н Всеволожский,тер Старая-Разметелево  д Разметелево  тер коммунально-складская зона Разметелево  тер Промзона Мягловская  д Мяглово  д Рыжики  днп Поселок Рыжики  тер Промышленно-деловая зона Рыжики,04-04-2024 09:00,09:00,04-04-2024 18:00,18:00,Северные электрические сети,Всеволожский РЭС,,f9a1ea36-6783-4b44-9cc1-90283b8a3915c9b13889-74ec-4b1a-a730-c7c22419895ee01dc895-eb8f-4d90-812a-d19e7e787fd6536521cc-4a53-411a-8d7f-991dbcffde6c1ece4f45-41b7-4381-9e00-5f6c6361ac21f594a4a0-2384-4cb9-a420-c8ea3dbc8d4e77242fb3-17a3-4e6d-b4ab-742c1d068313ae42d038-f5f1-40f9-b519-704d0a7ac29e
Ленинградская область,р-н Тихвинский,д. Залющик,04-04-2024 09:00,09:00,04-04-2024 16:00,16:00,Тихвинские ЭС,Тихвинский РЭС,,
Ленинградская область,р-н Киришский,"д Могилево  тер. СНТ Ракитино 8-14  гп Будогощь, ул Боровая  орленок",04-04-2024 09:00,09:00,04-04-2024 17:00,17:00,Тихвинские ЭС,Тихвинский РЭС,,a75f30eb-560b-4649-b61f-128001047b40d82872af-9459-4b0f-9928-372f4d70d38e83402665-2058-4e12-9df0-52ec77e908454c3585cc-fdec-4826-8736-53aa064ec41b
Ленинградская область,р-н Волховский,д Лунгачи,04-04-2024 09:00,09:00,04-04-2024 17:00,17:00,Новоладожские ЭС,Волховский РЭС,,9e7a9dd3-ba56-4966-9659-2fa1b5a008ad
Ленинградская область,"р-н Всеволожский, массив Лехтуси",д Хиттолово  тер. СНТ Юбилейное-Ручьи,04-04-2024 09:00,09:00,04-04-2024 17:00,17:00,Северные электрические сети,Сертоловский РЭС,,6ead31ca-3aaf-4c5f-916b-4bfb8285864459097b64-dd54-4225-a21c-a57bb773bf70
Ленинградская область,р-н Киришский,капустино,04-04-2024 09:00,09:00,04-04-2024 17:00,17:00,Тихвинские ЭС,Тихвинский РЭС,,60edc63c-77a1-45d6-be5d-a340273efbf5
Ленинградская область,р-н Бокситогорский,д Койгуши  д Пятино,04-04-2024 09:00,09:00,04-04-2024 17:00,17:00,Тихвинские ЭС,Бокситогорский РЭС,,85563108-5ede-45b5-8109-319d15391787ff00f601-d964-4dc3-9e1b-22b267b1c0a4
Ленинградская область,р-н Киришский,"п Пчевжа, ул Совхозная  п Пчевжа, ул Садовая",04-04-2024 09:00,09:00,04-04-2024 17:00,17:00,Тихвинские ЭС,Тихвинский РЭС,,a754fa68-e4a4-4765-ab7a-4f63b3cb2f60825a44d8-30ca-4d48-8251-57a96b33eeea
Санкт-Петербург,Санкт-Петербург,"п Левашово, ул Кирова  п Левашово, ул Горького  п Левашово, ул Высоцкая  п Левашово, пр-кт Карла Маркса  п Левашово, ул Кирова  п Левашово, ул Светогорская  п Левашово, ул Крайняя",04-04-2024 09:00,09:00,04-04-2024 20:00,20:00,Северные электрические сети,Песочинский РЭС,,77be558e-f4ef-497f-a7ec-097afd918551d403aec6-571b-4dd7-b5ad-4cadccc95790eb0f1f3a-f0da-4a73-bfd7-e8178c26cbeac7af0433-b095-4c66-ad90-133e8e4890f777be558e-f4ef-497f-a7ec-097afd918551cbb16bdc-b4e5-4841-890e-681052c0cf163d0d1c04-4e06-471d-9ed8-d96d2ab6b4dd
Санкт-Петербург,Курортный район,"п Левашово, ул Кирова  п Левашово, ул Песочная  п Левашово, ул Ручейная  п Левашово, пр-кт Карла Маркса  п Левашово, ул Железнодорожная  п Левашово, пр-кт Карпова",04-04-2024 08:24,08:24,04-04-2024 20:20,20:20,Северные электрические сети,Песочинский РЭС,,77be558e-f4ef-497f-a7ec-097afd918551c816779d-6aa1-4535-bcfc-e0208e93761ea79f7ae1-132a-41bb-ba69-5ce5b91424c8c7af0433-b095-4c66-ad90-133e8e4890f7a5fc3d9a-0cf3-434e-bf4b-9de864439c8fd6a61e82-e22f-43c5-8d5f-598bbd57e888
